sample_id,grupo,evento_id,alvo_turno_id,alvo,interrompente,tipo,sinal,atual,registrada,substantiva,ampla,char_start,trecho
1,C,001:e0001,8,David Ágape,Lucas Redecker,gestao_tempo,A-X-A,True,True,False,True,21462,"Sr. David, vou pedir ao senhor que se encaminhe para o encerramento de sua fala. Após a manifestação dos Parlamentares, o senhor vai dispor de um novo tempo. Assim, ficaremos dentro do tempo que está previamente estipulado para cada expositor."
1,C,001:e0002,12,Glenn Edward Greenwald,Lucas Redecker,tecnica,A-X-A,True,True,False,True,29171,"Está na tela, Glenn, pode prosseguir. Todos estão conseguindo enxergar."
1,C,001:e0003,32,General Girão,Lucas Redecker,gestao_tempo,A-X-A,True,True,False,True,66052,"Deputado General Girão, peço que conclua. Pretendo que todos concluam em 3 minutos."
1,C,001:e0004,56,David Ágape,Lucas Redecker,gestao_tempo,A-X-A,True,True,False,True,101287,"Peço que encaminhe o encerramento, Sr. David Ágape, porque já passou o seu tempo. Conclua, por favor."
2,C,002:e0001,6,Luiz Carlos Ciocchi,Arnaldo Jardim,pergunta_intercalada,A-X-A,False,False,False,True,21596,"Presidente, quero fazer uma pergunta muito ligeira, porque é muito pontual. Caro Ciocchi, do ponto de vista de mudanças, 2 dias depois, a ONS modificou regras para despacho. Como é que isso se encaixa nesse raciocínio?"
2,C,002:e0002,22,Padre João,Rodrigo de Castro,gestao_tempo,A-X-A,True,True,False,True,67053,"Peço que encerre, Deputado Padre João."
2,C,002:e0003,42,Ministro Alexandre Silveira de Oliveira,Bia Kicis,gestao_tempo,A-X-A,False,True,False,True,91767,"Ministro, eu o interrompo, só por um minuto, porque, como já avisei aqui o Presidente, eu vou ter que me retirar."
2,C,002:e0004,46,Ministro Alexandre Silveira de Oliveira,Tadeu Veneri,pergunta_intercalada,A-X-A,False,False,False,True,99652,"Ministro, perdoe-me. E sobre o que eu lhe perguntei quanto à concentração?"
2,C,002:e0005,74,Vicentinho Júnior,Rodrigo de Castro,intercalacao,A-X-A,True,False,False,True,129971,É só porque não foi... Nós já tínhamos combinado...
2,C,002:e0006,80,Vicentinho Júnior,Rodrigo de Castro,intercalacao,A-X-A,True,False,False,True,133251,"São 700 milhões de reais por mês, Deputado."
2,C,002:e0007,99,Ministro Alexandre Silveira de Oliveira,João Carlos Bacelar,pergunta_intercalada,A-X-A,False,False,False,True,162252,"Ministro, existe algo vigendo ou algum estudo no Ministério para prorrogar os contratos do PROINFA?"
2,C,002:e0008,103,Ministro Alexandre Silveira de Oliveira,Paulo Guedes,pergunta_intercalada,A-X-A,False,False,False,True,172817,"Ministro, como V.Exa. recebeu o parecer da AGU sobre a exploração na margem equatorial? Quais são os próximos passos?"
2,C,002:e0009,105,Ministro Alexandre Silveira de Oliveira,Vicentinho Júnior,intercalacao,A-X-A,False,False,False,True,177173,"Ministro, desculpe-me a indelicadeza, mas já são 15 horas, a CPI das Americanas começou e nós somos membros daquela Comissão também."
2,C,002:e0010,110,Vicentinho Júnior,Ministro Alexandre Silveira de Oliveira,intercalacao,A-X-A,False,False,False,True,183959,Foram 1.357.
2,C,002:e0011,116,Luiz Carlos Ciocchi,Julio Lopes,intercalacao,A-X-A,False,False,False,True,186483,"Os senhores têm ensaio, têm teste, têm toda uma normatização do sistema para prever isso."
3,C,003:e0001,8,Capitão Alberto Neto,Lucas Ramos,intercalacao,A-X-A,True,False,False,True,38416,"Atendido o pedido de V.Exa., Deputado."
3,C,003:e0002,19,Airton Faleiro,plateia/desconhecido,manifestacao_plateia,A-X-A,True,True,True,True,55615,"Eu vou pedir silêncio, por conta dos trabalhos. Sei que está perto da hora do almoço, todo mundo está com fome, mas é para melhorar a comunicação. O tempo de V.Exa. será restabelecido."
3,C,003:e0003,32,Alfredinho,Lucas Ramos,gestao_tempo,A-X-A,True,True,False,True,83568,"Deputado Alfredinho, peço que faça o encaminhamento."
3,C,003:e0004,45,Cabo Gilberto Silva,Túlio Gadêlha,intercalacao,A-X-A,False,False,False,True,100717,"Elas estão no Ministério, Cabo, não estão na assessoria, estão no Ministério."
4,C,004:e0001,2,Carlos Manuel Baigorri,Cezinha de Madureira,gestao_tempo,A-X-A,False,True,False,True,17835,"Sr. Baigorri, quero tomar 30 segundos do seu tempo."
4,C,004:e0002,20,Carlos Manuel Baigorri,Amaro Neto,gestao_tempo,A-X-A,True,True,False,True,41601,Muito bem. Caminhamos para o fim da nossa audiência pública. Eu gostaria de conceder 3 minutos para o nosso Presidente fazer a sua consideração final acerca da nossa audiência pública na Comissão de Comunicação.
5,M,005:e0001,10,Viviani Guimarães,Weliton Prado,tecnica,A-X-A,True,True,False,True,24736,Vamos ao vídeo agora.
6,C,006:e0001,20,Ramiro Julio Soares Madureira,Aureo Ribeiro,gestao_tempo,A-X-A,True,True,False,True,15826,Existia acordo com as companhias aéreas para aquisição dessas passagens com longo tempo? Não?
6,C,006:e0002,26,Ramiro Julio Soares Madureira,Aureo Ribeiro,pergunta_intercalada,A-X-A,True,False,False,True,18331,Como a 123Milhas mantinha suas operações com a venda de produtos tão abaixo da média do mercado? Existe alguma fundamentação em estudo que comprove a viabilidade desses valores?
6,C,006:e0003,36,Ramiro Julio Soares Madureira,Aureo Ribeiro,intercalacao,A-X-A,True,False,False,True,21046,Vou fazer uma pergunta mais específica.
6,C,006:e0004,42,Ramiro Julio Soares Madureira,Aureo Ribeiro,pergunta_intercalada,A-X-A,True,False,False,True,21877,Como é que essa precificação do valor da milha? Quem precifica? É a 123Milhas? É o mercado?
6,C,006:e0005,58,Ramiro Julio Soares Madureira,Aureo Ribeiro,pergunta_intercalada,A-X-A,True,False,False,True,24478,"O modelo de negócios empregado pela 123Milhas necessitava da entrada de novos clientes, de compras para sustentar e garantir a realização das viagens dos clientes já previstas?"
6,C,006:e0006,73,Ramiro Julio Soares Madureira,Aureo Ribeiro,pergunta_intercalada,A-X-A,True,False,False,True,27779,As companhias aéreas têm ciência dessa comercialização das milhas? Elas estão de acordo com essa intermediação de milhas?
6,C,006:e0007,89,Ramiro Julio Soares Madureira,Aureo Ribeiro,pergunta_intercalada,A-X-A,True,False,False,True,30603,"Se a empresa dispõe de patrimônio para pagar aos consumidores lesados, por que a recuperação judicial?"
6,C,006:e0008,93,Ramiro Julio Soares Madureira,Aureo Ribeiro,intercalacao,A-X-A,True,False,False,True,31948,A 123Milhas está alegando que o Banco do Brasil está dificultando o processo de recuperação judicial. Explique isso.
6,C,006:e0009,108,Ramiro Julio Soares Madureira,Aureo Ribeiro,pergunta_intercalada,A-X-A,True,False,False,True,35479,Está claro que a empresa perdeu toda a credibilidade após a suspensão da emissão de passagens até dezembro. Como ficam aqueles clientes com passagens e pacotes de viagem para os próximos meses?
6,C,006:e0010,119,Ricardo Silva,Igor Timo,intercalacao,A-X-A,False,False,False,True,37763,"É pergunta pública e factível, Excelência."
6,C,006:e0011,124,Eugênio Pacelli de Oliveira,Aureo Ribeiro,intercalacao,A-X-A,True,False,False,True,38802,"Excelência, há uma decisão do Supremo."
6,C,006:e0012,138,Ramiro Julio Soares Madureira,Aureo Ribeiro,pergunta_intercalada,A-X-A,True,False,False,True,42997,A Diretoria da 123Milhas tem ciência de que a forma como se comercializou a Linha Promo em muito assemelha-se a uma pirâmide que era insustentável?
6,C,006:e0013,149,Ramiro Julio Soares Madureira,Aureo Ribeiro,pergunta_intercalada,A-X-A,True,False,False,True,45072,A 123Milhas comprou grande quantidade de milhas da Avianca pouco antes da falência da empresa?
6,C,006:e0014,155,Ramiro Julio Soares Madureira,Aureo Ribeiro,pergunta_intercalada,A-X-A,True,False,False,True,46164,A empresa MaxMilhas ou HotMilhas fez alguma compra de milhas com a Avianca?
6,C,006:e0015,167,Ramiro Julio Soares Madureira,Aureo Ribeiro,pergunta_intercalada,A-X-A,True,False,False,True,48004,Quanto é gasto demarketing? É só para a gente ter ideia. O que é essa redução?
6,C,006:e0016,173,Ramiro Julio Soares Madureira,Aureo Ribeiro,pergunta_intercalada,A-X-A,True,False,False,True,49669,Premissa seria um novo nome para pirâmide?
6,C,006:e0017,190,Igor Timo,Ramiro Julio Soares Madureira,intercalacao,A-X-A,False,False,False,True,54454,"Excelência, eu gostaria só de reafirmar a nossa boa-fé de acreditar nessa recuperação judicial para ressarcir os clientes. Esse é o fundamento principal do nosso pedido, e nenhum tipo de outro artifício que possa ter nesse pedido de recuperação."
6,C,006:e0018,212,Ricardo Silva,Ramiro Julio Soares Madureira,intercalacao,A-X-A,False,False,False,True,61290,"Excelência, essa situação já está assumida dentro do pedido de recuperação judicial, para nós fazermos o..."
6,C,006:e0019,243,Duarte Jr,Aureo Ribeiro,intercalacao,A-X-A,True,False,False,True,69113,"Deputado Duarte, só para organizarmos, eu faço a minha última pergunta aqui, passo ao Relator, e depois vamos abrir a palavra aos Deputados, porque há outros Deputados reclamando, e eu não quero criar nenhum atrito."
6,C,006:e0020,259,Ricardo Silva,Ramiro Julio Soares Madureira,intercalacao,A-X-A,False,False,False,True,75448,"Na 123Milhas, hoje, estão eu, Ramiro Julio, Augusto Julio e Tania Silva Santos Madureira — 123Milhas Ltda."
6,C,006:e0021,273,Ricardo Silva,Ramiro Julio Soares Madureira,intercalacao,A-X-A,False,False,False,True,77138,"Excelência, a 123Viagens e Turismo Ltda. é um CNPJ só."
6,C,006:e0022,285,Ricardo Silva,Duarte Jr,pergunta_intercalada,A-X-A,False,False,False,True,78680,Mas essas promoções estão valendo?
6,C,006:e0023,289,Ricardo Silva,Ramiro Julio Soares Madureira,intercalacao,A-X-A,False,False,False,True,79529,"Excelência, só voltando, a linha promocional tinha várias premissas. Uma das premissas que é muito facilmente comprovada é que conseguimos reduzir muito o nosso gasto demarketing, e isso ajudava a custear..."
6,C,006:e0024,293,Ricardo Silva,Ramiro Julio Soares Madureira,intercalacao,A-X-A,False,False,False,True,80961,"Excelência, o sigilo fiscal acho que já está com vocês. Vocês irão verificar que esses números aí não são verdadeiros."
6,C,006:e0025,302,Ramiro Julio Soares Madureira,Ricardo Silva,pergunta_intercalada,A-X-A,False,False,False,True,82861,De qual grandeza?
6,C,006:e0026,324,Ricardo Silva,Ramiro Julio Soares Madureira,intercalacao,A-X-A,False,False,False,True,89451,"Excelência, foi exatamente a história que eu falei..."
6,C,006:e0027,328,Caio Vianna,Ramiro Julio Soares Madureira,intercalacao,A-X-A,False,False,False,True,90554,Esse dinheiro ficava dentro da operação.
6,C,006:e0028,344,Caio Vianna,Ramiro Julio Soares Madureira,intercalacao,A-X-A,False,False,False,True,92825,"Excelência, além da linha promocional, eu falei que, nos últimos meses, houve uma redução de outras receitas e outras margens da 123Milhas que levaram a essa situação de ser necessário o pedido de recuperação judicial."
6,C,006:e0029,347,Ricardo Silva,Ramiro Julio Soares Madureira,intercalacao,A-X-A,False,False,False,True,93484,Compramos várias passagens...
6,C,006:e0030,349,Ricardo Silva,Ramiro Julio Soares Madureira,intercalacao,A-X-A,False,False,False,True,94064,"Excelência, essa passagem que estava para frente..."
6,C,006:e0031,355,Ricardo Silva,Ramiro Julio Soares Madureira,intercalacao,A-X-A,False,False,False,True,95593,"Excelência, emitimos milhares e milhares de passagens..."
6,C,006:e0032,368,Eugênio Pacelli de Oliveira,Ricardo Silva,intercalacao,A-X-A,False,False,False,True,97740,"Doutor, com o devido respeito, eu só perguntei sobre o trâmite da empresa."
6,C,006:e0033,387,Ricardo Silva,plateia/desconhecido,manifestacao_plateia,A-X-A,False,True,True,True,100269,"Excelência, já falei sobre esse assunto. Agora, sobre isso, permanecerei em silêncio."
6,C,006:e0034,389,Ricardo Silva,Eugênio Pacelli de Oliveira,intercalacao,A-X-A,False,False,False,True,100862,Decisão da Ministra Cármen:
6,C,006:e0035,393,Ricardo Silva,Ramiro Julio Soares Madureira,intercalacao,A-X-A,False,False,False,True,101669,A administração... A Maxmilhas tem administração independente da 123 e dos outros grupos da 123.
6,C,006:e0036,398,Ramiro Julio Soares Madureira,Ricardo Silva,intercalacao,A-X-A,False,False,False,True,103484,"Na recuperação judicial, eles serão os últimos a receber, Sr. Ramiro. Eles são credores que não têm preferência."
6,C,006:e0037,402,Eugênio Pacelli de Oliveira,Ricardo Silva,pergunta_intercalada,A-X-A,False,False,False,True,104387,"Há uma data para isso, Doutor? Há um prazo?"
6,C,006:e0038,416,Ramiro Julio Soares Madureira,Julio Lopes,intercalacao,A-X-A,False,False,False,True,111220,"Eu acredito... Obviamente, só coloquei esse exemplo a título de ilustração, não há nada de pessoal. Os senhores foram corretos depois, porque retiraram a ação e deram a quitação daquilo que, obviamente, não foi utilizado."
6,C,006:e0039,423,Julio Lopes,Ramiro Julio Soares Madureira,intercalacao,A-X-A,False,False,False,True,117498,"Excelência, muito obrigado. E, sim, contamos com a ajuda deste Parlamento para conseguir uma solução. Muito obrigado."
6,C,006:e0040,432,Ramiro Julio Soares Madureira,Alfredo Gaspar,pergunta_intercalada,A-X-A,False,False,False,True,119378,Em 2009?
6,C,006:e0041,434,Ramiro Julio Soares Madureira,Alfredo Gaspar,interrupcao_explicita,A-X-A,False,True,True,True,119778,"Deixe-me só interrompê-lo, para que o diálogo seja mais produtivo. Esse produto que você começou a vender em 2009 já tinha parâmetro no mundo?"
6,C,006:e0042,463,Alfredo Gaspar,Ramiro Julio Soares Madureira,pergunta_intercalada,A-X-A,False,False,False,True,123464,Você fala de eu colocar efetivamente essa situação do Promo por culpa de alguma companhia aérea específica?
6,C,006:e0043,469,Ramiro Julio Soares Madureira,Alfredo Gaspar,intercalacao,A-X-A,False,False,False,True,125037,O senhor já disse isso.
6,C,006:e0044,482,Alfredo Gaspar,Ramiro Julio Soares Madureira,intercalacao,A-X-A,False,False,False,True,126591,"Excelência, nós temos um conselho de decisão, mas..."
6,C,006:e0045,492,Alfredo Gaspar,Ramiro Julio Soares Madureira,intercalacao,A-X-A,False,False,False,True,128079,"Excelência, acho que têm duas perguntas na sua pergunta. A primeira, em relação a setembro, acho que eu tenho que responder dizendo que, desde setembro do ano passado, a gente sabia que era um produto..."
6,C,006:e0046,505,Ramiro Julio Soares Madureira,Alfredo Gaspar,pergunta_intercalada,A-X-A,False,False,False,True,130064,"O senhor descarta que, em setembro de 2022, a empresa constatou uma possível pirâmide financeira?"
6,C,006:e0047,508,Alfredo Gaspar,Ramiro Julio Soares Madureira,intercalacao,A-X-A,False,False,False,True,130918,"Excelência, eu e o Augusto entramos muito não nesses números, mas em todos os números da empresa, desde o começo da empresa. Apesar de termos 10% dosharede mercado de passagem aérea..."
6,C,006:e0048,512,Alfredo Gaspar,Ramiro Julio Soares Madureira,intercalacao,A-X-A,False,False,False,True,132466,"Excelência, conforme você pediu, então eu vou ser, de maneira bem objetiva... Excelência, algumas dessas promoções eram bem pontuais..."
6,C,006:e0049,527,Ramiro Julio Soares Madureira,Alfredo Gaspar,pergunta_intercalada,A-X-A,False,False,False,True,134826,"E se eu disser ao senhor que o senhor aplicou, nesta especificamente, mais de 80% de deságio no preço da passagem, na mesma época, de todas as companhias?"
6,C,006:e0050,532,Alfredo Gaspar,Ramiro Julio Soares Madureira,intercalacao,A-X-A,False,False,False,True,135839,"Excelência, esse preço foi pontual."
6,C,006:e0051,538,Alfredo Gaspar,Ramiro Julio Soares Madureira,intercalacao,A-X-A,False,False,False,True,136759,"Excelência, uma das premissas do Promo seria exatamente que teria essa oferta ou outras ofertas — essa foi uma pontual —, em que o cliente entrava, verificava, não comprava esse produto, comprava outros produtos da 123..."
6,C,006:e0052,544,Alfredo Gaspar,Ramiro Julio Soares Madureira,intercalacao,A-X-A,False,False,False,True,138072,"Excelência, o Relator aqui..."
6,C,006:e0053,591,Alfredo Gaspar,Ramiro Julio Soares Madureira,gestao_tempo,A-X-A,False,True,False,True,144613,"Excelência, verificamos que as premissas da curva... A gente suportou e custeou algum tempo essa diferença do Promo, a diferença que nós tínhamos como premissa."
6,C,006:e0054,625,Duarte Jr,Ramiro Julio Soares Madureira,intercalacao,A-X-A,False,False,False,True,153618,"Excelência, não tenho ao certo esse número, mas podemos passá-lo posteriormente."
6,C,006:e0055,655,Ramiro Julio Soares Madureira,Duarte Jr,intercalacao,A-X-A,False,False,False,True,157428,"Sim, compreendi."
6,C,006:e0056,660,Duarte Jr,Ramiro Julio Soares Madureira,intercalacao,A-X-A,False,False,False,True,158999,"Excelência, tem o nosso compromisso de levantar esses dados para... e contamos com a ajuda também de V.Exa. para..."
6,C,006:e0057,669,Ramiro Julio Soares Madureira,Duarte Jr,intercalacao,A-X-A,False,False,False,True,160524,"Olha, em cima disso, já não é a primeira vez que o senhor repete essa afirmação, de que reduzia o custo de comunicação, demarketing, de divulgação. A empresa não era uma empresa de publicidade..."
6,C,006:e0058,676,Duarte Jr,Eugênio Pacelli de Oliveira,intercalacao,A-X-A,False,False,False,True,164166,"Excelência, eu posso me entrevistar com..."
6,C,006:e0059,684,Eugênio Pacelli de Oliveira,Duarte Jr,intercalacao,A-X-A,False,False,False,True,165173,"Da minha parte, isso é um direito constitucional que lhe assiste, sem nenhum problema. Ou, se o senhor quiser responder, também não tem nenhum problema. Fique à vontade. Se quiser falar com o seu cliente..."
6,C,006:e0060,712,Duarte Jr,Ramiro Julio Soares Madureira,intercalacao,A-X-A,False,False,False,True,172026,"Excelência, é exatamente o que pretendemos fazer agora: utilizar o recurso desses outros produtos para ressarcir esses clientes."
6,C,006:e0061,718,Duarte Jr,Ramiro Julio Soares Madureira,intercalacao,A-X-A,False,False,False,True,173487,"Excelência, acreditamos que isso deverá ser discutido junto com órgãos, junto com a juíza, com a SENACON, com todos os envolvidos para chegar num... Porque existem outros credores também, né."
6,C,006:e0062,722,Duarte Jr,Ramiro Julio Soares Madureira,intercalacao,A-X-A,False,False,False,True,174891,"Excelência, acho que, até para a saúde da própria recuperação judicial, é bom de determinar dois pontos: aos que compraram antes da recuperação judicial, não é possível afirmar se vai perder essa linha promocional..."
6,C,006:e0063,728,Duarte Jr,Ramiro Julio Soares Madureira,intercalacao,A-X-A,False,False,False,True,175861,Sim.
6,C,006:e0064,732,Duarte Jr,Ramiro Julio Soares Madureira,pergunta_intercalada,A-X-A,False,False,False,True,177453,"Excelência, isso é tudo sobre a Linha Promo, correto?"
6,C,006:e0065,735,Ramiro Julio Soares Madureira,Duarte Jr,intercalacao,A-X-A,False,False,False,True,178075,"Então, eu peço aos seus advogados e a você que entreguem esses documentos, essas informações aqui a esta CPI, até para a segurança de vocês também."
6,C,006:e0066,742,Duarte Jr,Ramiro Julio Soares Madureira,intercalacao,A-X-A,False,False,False,True,179832,"Excelência, desconheço."
6,C,006:e0067,746,Duarte Jr,Ramiro Julio Soares Madureira,intercalacao,A-X-A,False,False,False,True,182970,Sim.
6,C,006:e0068,748,Duarte Jr,Ramiro Julio Soares Madureira,intercalacao,A-X-A,False,False,False,True,183658,Sim.
6,C,006:e0069,766,Mersinho Lucena,Ramiro Julio Soares Madureira,intercalacao,A-X-A,False,False,False,True,190615,"Excelência, sim."
6,C,006:e0070,768,Mersinho Lucena,Ramiro Julio Soares Madureira,pergunta_intercalada,A-X-A,False,False,False,True,191370,"Excelência, por favor, poderia ler o item 2?"
6,C,006:e0071,770,Mersinho Lucena,Ramiro Julio Soares Madureira,intercalacao,A-X-A,False,False,False,True,191827,"Essa decisão de lançamento do programa Promo foi minha e do meu irmão, Augusto."
6,C,006:e0072,784,Mersinho Lucena,Ramiro Julio Soares Madureira,intercalacao,A-X-A,False,False,False,True,194764,"Excelência, eu só gostaria de registrar que nesse mesmo ano que você falou, o faturamento da empresa foi de 6 bi. Então, Excelência, eu entendo um pouco de contabilidade, mas esses dados não..."
6,C,006:e0073,786,Mersinho Lucena,Aureo Ribeiro,intercalacao,A-X-A,True,False,False,True,195867,"Agradeço a participação do Deputado Mersinho. Há divergência em dados apresentados, como o Deputado colocou, do aumento, que estava a saúde financeira da empresa boa, e de repente, a gente está com dados da recuperação judicial."
6,C,006:e0074,792,Igor Timo,Ramiro Julio Soares Madureira,intercalacao,A-X-A,False,False,False,True,197265,"Excelência, sim. Sou de Belo Horizonte."
6,C,006:e0075,794,Igor Timo,Ramiro Julio Soares Madureira,intercalacao,A-X-A,False,False,False,True,198465,"Sim, Excelência."
6,C,006:e0076,796,Igor Timo,Ramiro Julio Soares Madureira,intercalacao,A-X-A,False,False,False,True,199002,"Excelência, nessa época aí, em 2007, 2008, eu estava fazendo duas faculdades, fazia estágio à noite, fazia faculdade à noite, estágio. E essa empresa Arc Comércio de Joias era da minha mãe."
6,C,006:e0077,799,Ramiro Julio Soares Madureira,Igor Timo,pergunta_intercalada,A-X-A,False,False,False,True,199581,"Entendi. Então, o seu primeiro negócio já foi justamente em 2010, né?"
6,C,006:e0078,805,Ramiro Julio Soares Madureira,Igor Timo,pergunta_intercalada,A-X-A,False,False,False,True,200799,"Então, ela chegou a ser fechada em 2015, a ART, ou ela continuou aberta?"
6,C,006:e0079,815,Ramiro Julio Soares Madureira,Igor Timo,intercalacao,A-X-A,False,False,False,True,202980,Entendi.
6,C,006:e0080,818,Igor Timo,Ramiro Julio Soares Madureira,pergunta_intercalada,A-X-A,False,False,False,True,203923,Que eu entrei no CNPJ?
6,C,006:e0081,820,Igor Timo,Ramiro Julio Soares Madureira,intercalacao,A-X-A,False,False,False,True,204441,"Excelência, eu já estava dentro daholdingque era dona do CNPJ."
6,C,006:e0082,834,Igor Timo,Ramiro Julio Soares Madureira,intercalacao,A-X-A,False,False,False,True,206348,E 22.
6,C,006:e0083,837,Ramiro Julio Soares Madureira,Igor Timo,intercalacao,A-X-A,False,False,False,True,207123,"Pelo contrário! Eu estou até ilustrando que você assumiu a sociedade, assumindo a responsabilidade."
6,C,006:e0084,840,Igor Timo,Ramiro Julio Soares Madureira,intercalacao,A-X-A,False,False,False,True,208140,"Excelência, sempre foi uma preocupação muito grande nossa o atendimento ao cliente."
6,C,006:e0085,855,Ramiro Julio Soares Madureira,Igor Timo,pergunta_intercalada,A-X-A,False,False,False,True,210754,"O principal erro, então, foi fazer uma previsão equivocada do preço futuro das passagens?"
6,C,006:e0086,862,Ramiro Julio Soares Madureira,Igor Timo,intercalacao,A-X-A,False,False,False,True,212047,Entendi.
6,C,006:e0087,867,Igor Timo,Ramiro Julio Soares Madureira,pergunta_intercalada,A-X-A,False,False,False,True,213412,"Assim, dos passageiros embarcados no Brasil, não é? Se ele viajou dentro do Brasil..."
6,C,006:e0088,878,Igor Timo,Ramiro Julio Soares Madureira,intercalacao,A-X-A,False,False,False,True,214972,"Excelência, eu tenho aqui o meu compromisso que nós, Ramiro... Eu, Ramiro, nós, da 123, e todos os envolvidos faremos o máximo para ressarcir esses clientes. E vamos trabalhar muito para isso acontecer."
6,C,006:e0089,885,Ramiro Julio Soares Madureira,Igor Timo,pergunta_intercalada,A-X-A,False,False,False,True,216318,"A penúltima pergunta então, Ramiro. Você já disse bem que as empresas, de uma forma geral, pertencem a um grupo familiar. Está certo?"
6,C,006:e0090,889,Ramiro Julio Soares Madureira,Igor Timo,intercalacao,A-X-A,False,False,False,True,217053,Entendi.
6,C,006:e0091,894,Igor Timo,Ramiro Julio Soares Madureira,intercalacao,A-X-A,False,False,False,True,219261,"Não, Excelência, claro! E só vamos trazer elucidações mais e mais claras, mas só para... É importante deixar claro uma coisa: essa empresa que fazia... Ela fazia a negociação. Por exemplo, fiz uma campanha com uma televisão, a ABC."
6,C,006:e0092,904,Delegado Caveira,Eugênio Pacelli de Oliveira,intercalacao,A-X-A,False,False,False,True,221471,"Sr. Relator, pela ordem."
6,C,006:e0093,945,Caio Vianna,Ramiro Julio Soares Madureira,intercalacao,A-X-A,False,False,False,True,230029,Sim.
6,C,006:e0094,948,Ramiro Julio Soares Madureira,Caio Vianna,intercalacao,A-X-A,False,False,False,True,230885,Sim.
6,C,006:e0095,962,Ramiro Julio Soares Madureira,Caio Vianna,intercalacao,A-X-A,False,False,False,True,233684,Isso eu compreendi. Mas me ajude numa conta básica.
6,C,006:e0096,966,Ramiro Julio Soares Madureira,Caio Vianna,intercalacao,A-X-A,False,False,False,True,234595,"Este é um problema de gestão, porque o senhor acaba, de certa forma, lá na frente, não conseguindo garantir que o senhor vai ter esse dinheiro em caixa para comprar a passagem."
6,C,006:e0097,975,Caio Vianna,Ramiro Julio Soares Madureira,pergunta_intercalada,A-X-A,False,False,False,True,239588,"Como assim, Excelência?"
6,C,006:e0098,992,Ramiro Julio Soares Madureira,Caio Vianna,pergunta_intercalada,A-X-A,False,False,False,True,241751,Você sabe qual era a margem de lucro da empresa de publicidade?
6,C,006:e0099,1030,Ramiro Julio Soares Madureira,Caio Vianna,pergunta_intercalada,A-X-A,False,False,False,True,246911,"Se fosse hoje, não haveria o fluxo de caixa para conseguir fazer, não é?"
6,C,006:e0100,1044,Ricardo Silva,Ramiro Julio Soares Madureira,intercalacao,A-X-A,False,False,False,True,253751,Excelência...
6,C,006:e0101,1075,Ricardo Silva,Max Gaudereto Oliveira,intercalacao,A-X-A,False,False,False,True,262978,"As empresas eram concorrentes, ainda operam como concorrentes, têm CNPJs diferentes. Então, são duas empresas, mas têm sócios em comum. Quando foi realizada a transação, no ano passado, ela começou a ter sócios em comum."
6,C,006:e0102,1104,Max Gaudereto Oliveira,Ricardo Silva,pergunta_intercalada,A-X-A,False,False,False,True,266240,"O.k. Como é que o senhor recebeu a informação de que a 123Milhas ia parar com o plano promocional? E quando é que o senhor recebeu essa informação, com qual antecedência?"
6,C,006:e0103,1107,Ricardo Silva,Max Gaudereto Oliveira,intercalacao,A-X-A,False,False,False,True,267137,O Augusto e o Ramiro.
6,C,006:e0104,1118,Max Gaudereto Oliveira,Ricardo Silva,pergunta_intercalada,A-X-A,False,False,False,True,268613,Qual foi a sua opinião sobre essa decisão da 123Milhas de parar com o plano promocional? O senhor concordou com ela? O senhor discordou dela? Quais foram os erros cometidos pela 123Milhas para que chegasse a esse acontecimento?
6,C,006:e0105,1120,Max Gaudereto Oliveira,Ricardo Silva,pergunta_intercalada,A-X-A,False,False,False,True,269239,Mas eu te pergunto agora: o senhor concordou com essa decisão? O senhor concorda com esse modelo de negócios que eles fizeram com os planos promocionais da 123Milhas?
6,C,006:e0106,1122,Max Gaudereto Oliveira,Ricardo Silva,pergunta_intercalada,A-X-A,False,False,False,True,269791,A MaxMilhas operou demissões após a notícia de que a 123Milhas ia parar com esse plano promocional?
6,C,006:e0107,1134,Max Gaudereto Oliveira,Ricardo Silva,pergunta_intercalada,A-X-A,False,False,False,True,271825,"Mas quando é que passou a ter essa transação para que a MaxMilhas fosse, então, adquirida?"
6,C,006:e0108,1136,Max Gaudereto Oliveira,Ricardo Silva,gestao_tempo,A-X-A,False,True,False,True,272375,"Concluiu neste ano, em janeiro."
6,C,006:e0109,1152,Max Gaudereto Oliveira,Ricardo Silva,intercalacao,A-X-A,False,False,False,True,274754,"É, mas nós temos problemas de passagens canceladas desde agosto de 2022, alguns registros importantes."
6,C,006:e0110,1154,Max Gaudereto Oliveira,Ricardo Silva,pergunta_intercalada,A-X-A,False,False,False,True,275665,E quais foram os valores da transação?
6,C,006:e0111,1169,Max Gaudereto Oliveira,Aureo Ribeiro,pergunta_intercalada,A-X-A,True,False,False,True,282302,"Não existe banco de milhas, então, na MaxMilhas?"
6,C,006:e0112,1171,Max Gaudereto Oliveira,Aureo Ribeiro,pergunta_intercalada,A-X-A,True,False,False,True,284594,Você estabelece um contrato de gerenciamento do ativo digital?
6,C,006:e0113,1183,Max Gaudereto Oliveira,Aureo Ribeiro,pergunta_intercalada,A-X-A,True,False,False,True,286188,Você ganha pela taxa de intermediação. Mas quem é o... Ele compra milha ou compra passagem?
6,C,006:e0114,1205,Ricardo Silva,Max Gaudereto Oliveira,intercalacao,A-X-A,False,False,False,True,291496,Imagino que isso não tenha nada a ver com a MaxMilhas. Eu não sei.
6,C,006:e0115,1214,Max Gaudereto Oliveira,Aureo Ribeiro,pergunta_intercalada,A-X-A,True,False,False,True,293862,"Você vende o que, a passagem ou a milha?"
6,C,006:e0116,1218,Max Gaudereto Oliveira,Aureo Ribeiro,intercalacao,A-X-A,True,False,False,True,294586,"É, eu não vi no mercado — e vou fazer uma consulta — quais são as agências de viagens que vendem milha. Eu não vi ainda. Eu só conheço a HotMilhas, a 123Milhas, a MaxMilhas."
6,C,006:e0117,1224,Max Gaudereto Oliveira,Ricardo Silva,pergunta_intercalada,A-X-A,False,False,False,True,296332,"Quem mais presta esse serviço aqui no Brasil, além da Max, além da Hot, além da 123Milhas? Quem são seus concorrentes?"
6,C,006:e0118,1238,Max Gaudereto Oliveira,Aureo Ribeiro,pergunta_intercalada,A-X-A,True,False,False,True,299047,"Se um cliente vende 300 mil milhas e decide receber o valor no mesmo dia, e a empresa ainda não emitiu as passagens no mesmo dia, quem paga ao cliente?"
6,C,006:e0119,1264,Max Gaudereto Oliveira,Aureo Ribeiro,intercalacao,A-X-A,True,False,False,True,302892,"Mas a companhia aérea, ela tem essa possibilidade de te vender. A companhia aérea, ela emite a milha, ela..."
6,C,006:e0120,1294,Ricardo Silva,Carolina Aquino,intercalacao,A-X-A,False,False,False,True,306971,"É... Do que eu conheço, os sócios são o Augusto Madureira e Ramiro Madureira."
6,C,006:e0121,1311,Carolina Aquino,Ricardo Silva,pergunta_intercalada,A-X-A,False,False,False,True,309912,Não foi a senhora que decidiu a demissão?
6,C,006:e0122,1322,Ricardo Silva,Matheus Divino,intercalacao,A-X-A,False,False,False,True,311568,"Excelência, os valores maiores que me chamaram a atenção se referem ao pagamento de fornecedores, que são os valores maiores mesmo, principalmente consolidadores."
6,C,006:e0123,1354,Ricardo Silva,Matheus Divino,intercalacao,A-X-A,False,False,False,True,316224,"Excelência, houve sempre variações no fluxo de caixa. Mas eu não consigo te dizer se foi por causa do plano promocional ou por causa do mercado de milhas como um todo."
6,C,006:e0124,1363,Matheus Divino,Ricardo Silva,pergunta_intercalada,A-X-A,False,False,False,True,317889,"A gerência do senhor envolvia também a gerência das empresas do grupo econômico, como HotMilhas, como MaxMilhas? Até onde se restringia ou limitava a sua gerência?"
6,C,006:e0125,1374,Ricardo Silva,Matheus Divino,pergunta_intercalada,A-X-A,False,False,False,True,319198,"Excelência, eu não cuidava da parte tributária, eu não cuido da parte tributária da companhia. E o que eu acredito é que o plano de recuperação judicial é que impede o pagamento das milhas nesse momento, não é?"
6,C,006:e0126,1452,Matheus Divino,Aureo Ribeiro,pergunta_intercalada,A-X-A,True,False,False,True,327827,Quanto a 123Milhas gasta anualmente com publicidade?
6,C,006:e0127,1472,Caio Vianna,Carolina Aquino,intercalacao,A-X-A,False,False,False,True,330460,"Não, foi em caráter pessoal, privado mesmo."
6,C,006:e0128,1476,Caio Vianna,Matheus Divino,intercalacao,A-X-A,False,False,False,True,331831,"Excelência, eu não tenho conhecimento suficiente para explicar acerca do uso dosvoucherse até a decisão dosvouchers, e eu acredito que o Augusto seja a pessoa correta para explicar melhor para você."
6,C,006:e0129,1478,Caio Vianna,Matheus Divino,pergunta_intercalada,A-X-A,False,False,False,True,332768,"Foi antes, não é?"
6,C,006:e0130,1506,Caio Vianna,Matheus Divino,intercalacao,A-X-A,False,False,False,True,336465,"Excelência, sempre houve variações do fluxo do caixa..."
6,C,006:e0131,1569,Max Gaudereto Oliveira,Caio Vianna,pergunta_intercalada,A-X-A,False,False,False,True,344285,Tá. Os serviços da MaxMilhas serão afetados pela recuperação judicial da 123Milhas?
6,C,006:e0132,1583,Max Gaudereto Oliveira,Caio Vianna,pergunta_intercalada,A-X-A,False,False,False,True,346538,Tá. A MaxMilhas demitiu funcionários?
6,C,006:e0133,1599,Max Gaudereto Oliveira,Caio Vianna,pergunta_intercalada,A-X-A,False,False,False,True,348673,"Mas naquele momento não tinha acontecido esse problema com... A 123Milhas é maior do que a MaxMilhas, não é?"
6,C,006:e0134,1614,Caio Vianna,Max Gaudereto Oliveira,intercalacao,A-X-A,False,False,False,True,351646,"Sim, sim. É por isso que estou falando. Devem ser duas coisas separadas. Em 72 horas, pode ter sido um problema operacional. Não sei, teria que saber que problema específico foi esse."
6,C,006:e0135,1619,Max Gaudereto Oliveira,Caio Vianna,pergunta_intercalada,A-X-A,False,False,False,True,352478,Esses clientes vão receber o reembolso deles?
6,C,006:e0136,1634,Caio Vianna,Max Gaudereto Oliveira,pergunta_intercalada,A-X-A,False,False,False,True,354692,"""Pode"" — essa palavra não é boa. Ele conseguiria entrar? Provavelmente, alguns voos ele poderia... Ele consegue? Alguns clientes conseguiriam. Ele pode? Não pode. Conseguir? Ele conseguiria."
6,C,006:e0137,1749,Alfredo Gaspar,Max Gaudereto Oliveira,intercalacao,A-X-A,False,False,False,True,372593,A gente pode enviar os balanços da auditoria...
6,C,006:e0138,1776,Max Gaudereto Oliveira,Alfredo Gaspar,intercalacao,A-X-A,False,False,False,True,375391,O senhor disse que abriu a MaxMilhas em 2012.
6,C,006:e0139,1829,Alfredo Gaspar,Max Gaudereto Oliveira,intercalacao,A-X-A,False,False,False,True,381537,"Eu acredito que não. Eu acredito que foi um processo muito anterior, não teve nada após. Eu acredito que o processo é pequeno, dado o tamanho da 123Milhas. Eu acho que de forma alguma."
6,C,006:e0140,1978,Max Gaudereto Oliveira,Alfredo Gaspar,intercalacao,A-X-A,False,False,False,True,399632,"Sr. Presidente, pela ordem. O depoente faltou com a verdade."
6,C,006:e0141,1997,Max Gaudereto Oliveira,Alfredo Gaspar,intercalacao,A-X-A,False,False,False,True,402212,"Vamos analisar isso mais adiante, Presidente. Desculpe a interrupção."
6,C,006:e0142,2023,Igor Timo,Carolina Aquino,pergunta_intercalada,A-X-A,False,False,False,True,406848,"Não, é... é..., não. Na verdade, realmente, assim, houve uma decisão de fazer os desligamentos que aconteceram na segunda-feira da semana passada, não é?, mas foi uma decisão tomada realmente também de última hora."
6,C,006:e0143,2076,Max Gaudereto Oliveira,Igor Timo,intercalacao,A-X-A,False,False,False,True,414336,"Aí é que seria bom você me esclarecer um pouco. Eu acho a ideia tão genial, e me permita parabenizá-lo por isso."
6,C,006:e0144,2088,Max Gaudereto Oliveira,Igor Timo,intercalacao,A-X-A,False,False,False,True,416597,"A informação que a gente tem aqui — talvez até pelo nosso desconhecimento, eu reconheço aqui que talvez eu tenha uma limitação — é que essa prática é realizada praticamente só no Brasil."
6,C,006:e0145,2091,Igor Timo,Max Gaudereto Oliveira,pergunta_intercalada,A-X-A,False,False,False,True,418146,Posso explicar um pouco? Pois eu sei sobre isso.
6,C,006:e0146,2096,Max Gaudereto Oliveira,Igor Timo,intercalacao,A-X-A,False,False,False,True,419589,Não.
6,C,006:e0147,2098,Max Gaudereto Oliveira,Igor Timo,intercalacao,A-X-A,False,False,False,True,420089,Perfeito.
6,C,006:e0148,2100,Max Gaudereto Oliveira,Igor Timo,intercalacao,A-X-A,False,False,False,True,420900,Perfeito.
6,C,006:e0149,2105,Igor Timo,Max Gaudereto Oliveira,intercalacao,A-X-A,False,False,False,True,423463,Começou assim.
6,C,006:e0150,2108,Max Gaudereto Oliveira,Igor Timo,intercalacao,A-X-A,False,False,False,True,425600,Perfeito.
6,C,006:e0151,2110,Max Gaudereto Oliveira,Igor Timo,pergunta_intercalada,A-X-A,False,False,False,True,426391,"Perfeito. Só para compreender bem, o que acontece é que no Brasil isso se dá em grande escala. Isso não acontece em outras partes do mundo em grande escala por qual motivo?"
6,C,006:e0152,2112,Max Gaudereto Oliveira,Igor Timo,intercalacao,A-X-A,False,False,False,True,428870,"É nesse ponto que eu quero chegar. Então, a gente pode falar que isso é praticamente uma jabuticaba."
6,C,006:e0153,2121,Caio Vianna,Max Gaudereto Oliveira,intercalacao,A-X-A,False,False,False,True,432169,Não é bem isso o que significa.
6,C,006:e0154,2140,Max Gaudereto Oliveira,Ricardo Silva,intercalacao,A-X-A,False,False,False,True,435068,"Sim, é que está contraditório, porque você está justificando uma mentira com base em estar protegendo alguém. Está contraditório."
6,C,006:e0155,2152,Max Gaudereto Oliveira,Igor Timo,intercalacao,A-X-A,False,False,False,True,439157,"É porque o risco do negócio cada um assume o seu, da mesma forma que vocês assumiram."
6,C,006:e0156,2156,Max Gaudereto Oliveira,Igor Timo,intercalacao,A-X-A,False,False,False,True,440341,Max...
6,C,006:e0157,2166,Igor Timo,Max Gaudereto Oliveira,intercalacao,A-X-A,False,False,False,True,442664,"Sim, sim, porque eles queriam obreakage."
6,C,006:e0158,2197,Roberto Monteiro Pai,Carolina Aquino,intercalacao,A-X-A,False,False,False,True,446263,Sim.
6,C,006:e0159,2218,Caio Vianna,Max Gaudereto Oliveira,pergunta_intercalada,A-X-A,False,False,False,True,450312,"Poderia ser outro, então?"
6,C,006:e0160,2220,Caio Vianna,Max Gaudereto Oliveira,pergunta_intercalada,A-X-A,False,False,False,True,450790,"Aí não recebe de Maria, não é?"
6,C,006:e0161,2222,Caio Vianna,Max Gaudereto Oliveira,intercalacao,A-X-A,False,False,False,True,451336,"Eu acho que, nesse caso, a empresa devolve o dinheiro para Maria."
6,C,006:e0162,2259,Roger Duarte Costa,Alfredo Gaspar,pergunta_intercalada,A-X-A,False,False,False,True,457273,O senhor poderia responder quem protege o consumidor de crime lá na empresa?
6,C,006:e0163,2261,Roger Duarte Costa,Alfredo Gaspar,pergunta_intercalada,A-X-A,False,False,False,True,457819,A empresa tem ouvidoria?
6,C,006:e0164,2292,Roger Duarte Costa,Ricardo Silva,pergunta_intercalada,A-X-A,False,False,False,True,462242,"Há um departamento decompliance, ou não?"
6,C,006:e0165,2303,Marcos Brandão,Alfredo Gaspar,intercalacao,A-X-A,False,False,False,True,463493,"Sr. Marcos, me diga que funções são essas."
6,C,006:e0166,2305,Marcos Brandão,Alfredo Gaspar,pergunta_intercalada,A-X-A,False,False,False,True,464280,Então o senhor é uma pessoa bastante adequada para responder algumas perguntas. O senhor adentrou a empresa em 2020. Qual era o tamanho da insatisfação dos clientes com a empresa quando o senhor a adentrou?
6,C,006:e0167,2307,Marcos Brandão,Alfredo Gaspar,pergunta_intercalada,A-X-A,False,False,False,True,465278,"Nós estávamos discutindo agora há pouco um crime praticado pela empresa, induzindo, orientando o cliente a mentir sobre a venda das milhas, e pore-mail— a materialidade está aí. O senhor participou da formulação dessa ideia?"
6,C,006:e0168,2319,Marcos Brandão,Alfredo Gaspar,gestao_tempo,A-X-A,False,True,False,True,467012,"Olhe, milhares dee-mailsdessa natureza foram encaminhados, e o senhor era o Vice-Presidente encarregado dessa área. Quem passou por cima das suas determinações, para fazer um encaminhamento dessa natureza?"
6,C,006:e0169,2321,Marcos Brandão,Alfredo Gaspar,intercalacao,A-X-A,False,False,False,True,467713,O senhor está aqui como testemunha.
6,C,006:e0170,2336,Marcos Brandão,Ricardo Silva,intercalacao,A-X-A,False,False,False,True,469655,Aconteceu.
6,C,006:e0171,2347,Marcos Brandão,Alfredo Gaspar,pergunta_intercalada,A-X-A,False,False,False,True,472518,"O senhor pensando tão macro, e uma coisa tão simples como a gravação ou uma ata o senhor não estabeleceu, não?"
6,C,006:e0172,2349,Marcos Brandão,Alfredo Gaspar,intercalacao,A-X-A,False,False,False,True,473050,"Então, Sr. Presidente, eu já queria deixar registrado que essas reuniões têm documentos, e nós precisamos ter acesso a eles. E lá nessas reuniões, possivelmente com essa cúpula, as decisões estratégicas eram tomadas."
6,C,006:e0173,2351,Marcos Brandão,Alfredo Gaspar,pergunta_intercalada,A-X-A,False,False,False,True,473739,"Sr. Marcos, de forma mais direta da minha parte, foi numa dessas reuniões discutido o lançamento do produto Promo?"
6,C,006:e0174,2398,Marcos Brandão,Alfredo Gaspar,pergunta_intercalada,A-X-A,False,False,False,True,480184,O senhor pode repetir quais são as três áreas que ficaram ainda sob a responsabilidade do senhor?
6,C,006:e0175,2400,Marcos Brandão,Alfredo Gaspar,pergunta_intercalada,A-X-A,False,False,False,True,480798,Omarketingestava com o senhor?
6,C,006:e0176,2406,Marcos Brandão,Alfredo Gaspar,pergunta_intercalada,A-X-A,False,False,False,True,481849,"Essa transformação tecnológica, digital, ela incluía também relatório sobre produtos?"
6,C,006:e0177,2408,Marcos Brandão,Alfredo Gaspar,intercalacao,A-X-A,False,False,False,True,482444,Então o senhor permanece com essa área em relação à sua responsabilidade.
6,C,006:e0178,2418,Marcos Brandão,Alfredo Gaspar,pergunta_intercalada,A-X-A,False,False,False,True,483952,Vamos esquecer o incremento. Só a redução. Qual foi a última reunião que vocês tiveram de redução sem ser agora?
6,C,006:e0179,2465,Roger Duarte Costa,Aureo Ribeiro,pergunta_intercalada,A-X-A,True,False,False,True,490780,O que que não é permitido?
6,C,006:e0180,2489,Roger Duarte Costa,Aureo Ribeiro,intercalacao,A-X-A,True,False,False,True,494339,E tem 700 mil pessoas esperando uma resposta.
6,C,006:e0181,2510,Marcos Brandão,Caio Vianna,intercalacao,A-X-A,False,False,False,True,497198,Eu lhe pergunto isso porque agora estourou o pacote promocional...
6,C,006:e0182,2522,Marcos Brandão,Caio Vianna,intercalacao,A-X-A,False,False,False,True,498580,Isso é natural.
6,C,006:e0183,2535,Caio Vianna,Roger Duarte Costa,intercalacao,A-X-A,False,False,False,True,500350,"Excelência, nesse caso..."
6,C,006:e0184,2538,Roger Duarte Costa,Caio Vianna,intercalacao,A-X-A,False,False,False,True,500926,Certo.
6,C,006:e0185,2552,Roger Duarte Costa,Caio Vianna,intercalacao,A-X-A,False,False,False,True,503331,Mas então...
6,C,006:e0186,2558,Roger Duarte Costa,Caio Vianna,intercalacao,A-X-A,False,False,False,True,504321,Como o senhor preferir.
6,C,006:e0187,2560,Roger Duarte Costa,Caio Vianna,pergunta_intercalada,A-X-A,False,False,False,True,505182,E isso era feito pela divisão do senhor dentro da empresa?
6,C,006:e0188,2565,Caio Vianna,Roger Duarte Costa,intercalacao,A-X-A,False,False,False,True,505801,"Eu não... Excelência, esse assunto é relacionado à empresa HotMilhas. A 123Milhas não compra milhas. Quem compra é a HotMilhas."
6,C,006:e0189,2583,Caio Vianna,Roger Duarte Costa,pergunta_intercalada,A-X-A,False,False,False,True,507983,"Excelência, sobre milhas, sobre a entrada de milhas?"
6,C,006:e0190,2593,Caio Vianna,Roger Duarte Costa,intercalacao,A-X-A,False,False,False,True,509335,"Sim. Excelência, como eu mencionei no início do meu discurso, eu sou responsável em relação à 123Milhas."
6,C,006:e0191,2615,Eugênio Pacelli de Oliveira,Caio Vianna,intercalacao,A-X-A,False,False,False,True,514719,"Inclusive, por isso que eu falei para ele no início que, se ele não soubesse, não responderia."
6,C,006:e0192,2627,Ricardo Silva,Daniel Guerra,intercalacao,A-X-A,False,False,False,True,516499,"Excelência, como eu te disse, minha atuação era na 123Milhas, e não na HotMilhas. Então, eu não entendo..."
6,C,006:e0193,2632,Marcos Brandão,Ricardo Silva,pergunta_intercalada,A-X-A,False,False,False,True,517638,"Quem pode responder, então?"
6,C,006:e0194,2634,Marcos Brandão,Ricardo Silva,pergunta_intercalada,A-X-A,False,False,False,True,518181,"O senhor disse que desconhece todo esse processo, que não é de sua alçada. Mas o senhor chegou a desconfiar, em algum momento, que essa operação poderia se tratar de algum tipo de fraude, ou algum tipo de pirâmide financeira?"
6,C,006:e0195,2639,Ricardo Silva,Marcos Brandão,intercalacao,A-X-A,False,False,False,True,519956,De Governança.
6,C,006:e0196,2673,Tania Silva Santos Madureira,Alfredo Gaspar,pergunta_intercalada,A-X-A,False,False,False,True,524417,"Então, só para a senhora me esclarecer, a Art Viagens veio depois do início desses negócios com milha?"
6,C,006:e0197,2677,Tania Silva Santos Madureira,Alfredo Gaspar,pergunta_intercalada,A-X-A,False,False,False,True,525275,"E a Art Viagens não fazia essa intermediação, não?"
6,C,006:e0198,2679,Tania Silva Santos Madureira,Alfredo Gaspar,pergunta_intercalada,A-X-A,False,False,False,True,525953,"Mas elas, me explica, elas têm o mesmo CNPJ?"
6,C,006:e0199,2762,Tania Silva Santos Madureira,Alfredo Gaspar,intercalacao,A-X-A,False,False,False,True,534258,A senhora falou que precisou ir ao Poder Judiciário para conseguir a legalidade de algumas dessas transações.
6,C,006:e0200,2767,Alfredo Gaspar,Tania Silva Santos Madureira,intercalacao,A-X-A,False,False,False,True,535026,"Eu desconheço essa informação, Excelência."
6,C,006:e0201,2782,Eugênio Pacelli de Oliveira,Alfredo Gaspar,intercalacao,A-X-A,False,False,False,True,537041,"Não, não, não disse que era falso materialmente, não."
6,C,006:e0202,2840,Alfredo Gaspar,Tania Silva Santos Madureira,intercalacao,A-X-A,False,False,False,True,543790,"Excelência, essas milhas que foram... na intermediação, que não chegaram a ser utilizadas, essas a gente está vendo junto com a juíza da recuperação judicial se a gente pode fazer a devolução dessas milhas para os clientes."
6,C,006:e0203,2869,Tania Silva Santos Madureira,Alfredo Gaspar,pergunta_intercalada,A-X-A,False,False,False,True,547515,E a senhora saberia dizer quantos clientes seriam alcançados por essa devolução?
6,C,006:e0204,2915,Tania Silva Santos Madureira,Aureo Ribeiro,pergunta_intercalada,A-X-A,True,False,False,True,554948,Vocês informam os clientes para não informarem venda às companhias aéreas?
6,C,006:e0205,2989,Tania Silva Santos Madureira,Aureo Ribeiro,pergunta_intercalada,A-X-A,True,False,False,True,564211,"Um cliente que vende milha, se ele falar com a LATAM, a LATAM cancela a passagem emitida? Se ele falar que fez uma relação com a 123Milhas..."
6,C,006:e0206,3032,Tania Silva Santos Madureira,Ricardo Silva,pergunta_intercalada,A-X-A,False,False,False,True,568829,Isso é um banco de milhas ou não?
6,C,006:e0207,3042,Tania Silva Santos Madureira,Ricardo Silva,intercalacao,A-X-A,False,False,False,True,570278,Estou tentando entender.
6,C,006:e0208,3082,Tania Silva Santos Madureira,Ricardo Silva,pergunta_intercalada,A-X-A,False,False,False,True,574563,"Em relação à questão referente ao seu cargo, como que, na negociação de milhas, era possível garantir um resultado positivo do negócio?(Pausa.)"
6,C,006:e0209,3084,Tania Silva Santos Madureira,Ricardo Silva,pergunta_intercalada,A-X-A,False,False,False,True,575110,Era garantido o resultado positivo?
6,C,006:e0210,3214,Caio Vianna,Tania Silva Santos Madureira,intercalacao,A-X-A,False,False,False,True,594184,Sim.
6,C,006:e0211,3237,Tania Silva Santos Madureira,Caio Vianna,pergunta_intercalada,A-X-A,False,False,False,True,596390,"Vocês vão continuar, então, ofertando os produtos?"
6,C,006:e0212,3245,Caio Vianna,Tania Silva Santos Madureira,intercalacao,A-X-A,False,False,False,True,597363,"Sim, ele tem esse benefício..."
6,C,006:e0213,3256,Tania Silva Santos Madureira,Caio Vianna,pergunta_intercalada,A-X-A,False,False,False,True,599244,Acho que agora a senhora conseguiu explicar até com mais clareza. Eu acho que eu comecei a compreender. Esse processo é automatizado?
6,C,006:e0214,3261,Caio Vianna,Tania Silva Santos Madureira,intercalacao,A-X-A,False,False,False,True,599959,Sim.
6,C,006:e0215,3270,Tania Silva Santos Madureira,Caio Vianna,pergunta_intercalada,A-X-A,False,False,False,True,601324,"E ele faz essa emissão da passagem aérea onde, com as companhias?"
6,C,006:e0216,3313,Caio Vianna,Tania Silva Santos Madureira,intercalacao,A-X-A,False,False,False,True,605554,Sim.
6,C,006:e0217,3324,Tania Silva Santos Madureira,Caio Vianna,intercalacao,A-X-A,False,False,False,True,607872,"Sem problema, é com relação aosvouchers."
6,C,006:e0218,3326,Tania Silva Santos Madureira,Caio Vianna,pergunta_intercalada,A-X-A,False,False,False,True,608356,"Então, está tudo suspenso hoje?"
6,C,006:e0219,3371,Roberto Monteiro Pai,Tania Silva Santos Madureira,intercalacao,A-X-A,False,False,False,True,615349,Eu não tenho nenhum conhecimento sobre a operação da MaxMilhas.
6,C,006:e0220,3373,Roberto Monteiro Pai,Tania Silva Santos Madureira,intercalacao,A-X-A,False,False,False,True,615810,Não tenho conhecimento.
6,C,006:e0221,3461,Ricardo Silva,Cristiane Soares Madureira do Nascimento,intercalacao,A-X-A,False,False,False,True,627569,"Sim, Excelência, tenho ciência."
6,C,006:e0222,3471,Ricardo Silva,Cristiane Soares Madureira do Nascimento,intercalacao,A-X-A,False,False,False,True,628811,"De forma alguma, Excelência."
6,C,006:e0223,3473,Ricardo Silva,Cristiane Soares Madureira do Nascimento,intercalacao,A-X-A,False,False,False,True,629442,"Excelência, essa não foi uma decisão minha, é uma decisão estratégica, mas, a meu ver, isso não aconteceu. Tiveram estudos que mostravam para os administradores o contrário."
6,C,006:e0224,3479,Ricardo Silva,Cristiane Soares Madureira do Nascimento,intercalacao,A-X-A,False,False,False,True,630930,"Excelência, como eu disse, isso não faz parte da minha área, e eu prefiro realmente não falar a respeito dos meus irmãos."
6,C,006:e0225,3483,Ricardo Silva,Eugênio Pacelli de Oliveira,intercalacao,A-X-A,False,False,False,True,633524,Ela respondeu que recebeu a determinação.
6,C,006:e0226,3493,Ricardo Silva,Cristiane Soares Madureira do Nascimento,intercalacao,A-X-A,False,False,False,True,634802,"Isso, Excelência."
6,C,006:e0227,3507,Cristiane Soares Madureira do Nascimento,Aureo Ribeiro,pergunta_intercalada,A-X-A,True,False,False,True,637674,"Então, não são donas das milhas? Elas são donas das milhas ou não são donas das milhas?"
6,C,006:e0228,3565,Caio Vianna,Cristiane Soares Madureira do Nascimento,intercalacao,A-X-A,False,False,False,True,645813,Certo.
6,C,006:e0229,3571,Caio Vianna,Cristiane Soares Madureira do Nascimento,intercalacao,A-X-A,False,False,False,True,648078,"Excelência, todos nós da 123Milhas e da Art Viagens estamos muito confiantes que nós vamos conseguir, sim, apresentar um plano de recuperaçãoque seja viável para os clientes, para os fornecedores, para os ex-colaboradores. Nós estamos lutando muito."
6,C,006:e0230,3595,Caio Vianna,Cristiane Soares Madureira do Nascimento,intercalacao,A-X-A,False,False,False,True,651084,"Excelência, a parte financeira não era comigo."
6,C,006:e0231,3612,Cristiane Soares Madureira do Nascimento,Caio Vianna,pergunta_intercalada,A-X-A,False,False,False,True,653480,Mas por que a 123Milhas não emitia a passagem direto que vinha de milhagem dos clientes? Isso é que eu não consigo compreender. Porque a HotMilhas podia fazer essa intermediação...(Pausa.)Pode falar.
6,C,006:e0232,3650,Cristiane Soares Madureira do Nascimento,Alfredo Gaspar,pergunta_intercalada,A-X-A,False,False,False,True,659070,A senhora saberia dizer em 2022 quanto foi a retirada dos sócios da empresa 123Milhas?
6,C,006:e0233,3657,Cristiane Soares Madureira do Nascimento,Alfredo Gaspar,pergunta_intercalada,A-X-A,False,False,False,True,660088,"A senhora como sócia minoritária em 2021, qual foi a sua retirada da empresa?"
6,C,006:e0234,3784,Augusto Julio Soares Madureira,Aureo Ribeiro,pergunta_intercalada,A-X-A,True,False,False,True,680748,"Se não pagava, o dinheiro era segregado da promoção?"
6,C,006:e0235,3788,Augusto Julio Soares Madureira,Aureo Ribeiro,pergunta_intercalada,A-X-A,True,False,False,True,681992,Como funcionam as transações com milhas? Primeira pergunta: é legal? Segunda pergunta: as companhias aéreas estão de acordo com essa emissão?
6,C,006:e0236,3790,Augusto Julio Soares Madureira,Aureo Ribeiro,pergunta_intercalada,A-X-A,True,False,False,True,683079,"O senhor chegou a fazer alguma denúncia, a alguns órgãos brasileiros, dessa cláusula abusiva que consta das operadoras aéreas?"
6,C,006:e0237,3850,Augusto Julio Soares Madureira,Aureo Ribeiro,pergunta_intercalada,A-X-A,True,False,False,True,695787,Mas esses clientes tiveram as suas milhas utilizadas para outro cliente?
6,C,006:e0238,3924,Augusto Julio Soares Madureira,Aureo Ribeiro,pergunta_intercalada,A-X-A,True,False,False,True,709825,"Nas transações com milhas, como esses negócios são tributados? Há ganho de capital nas compras de milha?"
6,C,006:e0239,3952,Augusto Julio Soares Madureira,Aureo Ribeiro,pergunta_intercalada,A-X-A,True,False,False,True,713826,Qual é a taxa de serviço para intermediação em turismo?
6,C,006:e0240,3970,Frederico Horta,plateia/desconhecido,manifestacao_plateia,A-X-A,False,True,True,True,718591,"Se isso é crime, se esclarecer que é crime mesmo, então se exerce o direito ao silêncio e para de responder às perguntas."
6,C,006:e0241,3987,Augusto Julio Soares Madureira,Aureo Ribeiro,pergunta_intercalada,A-X-A,True,False,False,True,721894,"Se a empresa dispõe de patrimônio para pagar os consumidores lesados, por que a recuperação judicial?"
6,C,006:e0242,3989,Augusto Julio Soares Madureira,Aureo Ribeiro,pergunta_intercalada,A-X-A,True,False,False,True,722679,O modelo de negócios empregado pela 123Milhas necessitava da entrada de novos clientes (compras) para sustentar e garantir a realização das viagens dos clientes já previstas?
6,C,006:e0243,4013,Augusto Julio Soares Madureira,Aureo Ribeiro,pergunta_intercalada,A-X-A,True,False,False,True,728971,Existe mais algum produto da 123Milhas que seja vendido em formato semelhante ao ofertado na Linha Promo?
6,C,006:e0244,4047,Ricardo Silva,Aureo Ribeiro,intercalacao,A-X-A,True,False,False,True,734687,"Amanhã vocês estão de folga. Só que não pode ser bem amanhã, porque, antes de 24 horas, estaremos de volta. Então, não pode ser bem amanhã..."
6,C,006:e0245,4049,Ricardo Silva,Augusto Julio Soares Madureira,intercalacao,A-X-A,False,False,False,True,735275,Você quer que eu comece de antes ou depois...
6,C,006:e0246,4052,Augusto Julio Soares Madureira,Ricardo Silva,pergunta_intercalada,A-X-A,False,False,False,True,735945,Já era milha nessa época ou não?
6,C,006:e0247,4060,Augusto Julio Soares Madureira,Ricardo Silva,pergunta_intercalada,A-X-A,False,False,False,True,737204,"As milhas compensavam muito mais, né?"
6,C,006:e0248,4062,Augusto Julio Soares Madureira,Ricardo Silva,pergunta_intercalada,A-X-A,False,False,False,True,738368,"Nessa evolução, quando foi que esse mercado começou a não ficar tão bom? Hoje, eu imagino, e aí tivemos a ruína desse plano promocional, ficou ruim para trabalhar apenas assim. A partir de quando começa a não ficar tão bom?"
6,C,006:e0249,4067,Augusto Julio Soares Madureira,Ricardo Silva,intercalacao,A-X-A,False,False,False,True,739884,Me diferencia o Promo desse outro negócio seu aí.
6,C,006:e0250,4076,Ricardo Silva,Augusto Julio Soares Madureira,intercalacao,A-X-A,False,False,False,True,740816,O detalhe é que o senhor usou dois dados. A gente olha dezenas de bilhões de dados.
6,C,006:e0251,4085,Ricardo Silva,Augusto Julio Soares Madureira,intercalacao,A-X-A,False,False,False,True,742819,"Eu vou informar esses dados sob perspectiva, principalmente sob a perspectiva do Promo, que eu acho que é o mais importante, com base em tudo que vocês estão falando de pirâmide financeira."
6,C,006:e0252,4090,Augusto Julio Soares Madureira,Ricardo Silva,pergunta_intercalada,A-X-A,False,False,False,True,744294,"Em abril, não é?"
6,C,006:e0253,4096,Augusto Julio Soares Madureira,Ricardo Silva,pergunta_intercalada,A-X-A,False,False,False,True,745121,No primeiro semestre de 2023 ou no primeiro trimestre?
6,C,006:e0254,4131,Ricardo Silva,Augusto Julio Soares Madureira,pergunta_intercalada,A-X-A,False,False,False,True,749861,"Deputado, primeiro, eu gostaria de ressaltar aqui que a gente nunca deu golpe em ninguém, tá?"
6,C,006:e0255,4142,Augusto Julio Soares Madureira,Ricardo Silva,pergunta_intercalada,A-X-A,False,False,False,True,752835,Que não se realizou?
6,C,006:e0256,4145,Ricardo Silva,Augusto Julio Soares Madureira,intercalacao,A-X-A,False,False,False,True,753603,"Não tenho dados para te falar, mas tenho certeza de que não houve nenhum aumento muito significativo. No máximo, deve ter se mantido ou algo do tipo, mas, em termos de volume financeiro, não teve nada excepcional."
6,C,006:e0257,4174,Ricardo Silva,Augusto Julio Soares Madureira,intercalacao,A-X-A,False,False,False,True,758458,"Porque, naquele momento, a única solução viável foi ovoucher."
6,C,006:e0258,4176,Ricardo Silva,Augusto Julio Soares Madureira,pergunta_intercalada,A-X-A,False,False,False,True,759641,"Na verdade, nós hora nenhuma nos apropriamos do dinheiro, né?O que nós estamos tentando aqui é renegociar exatamente para poder devolver esse dinheiro de maneira adequada para os clientes."
6,C,006:e0259,4179,Augusto Julio Soares Madureira,Ricardo Silva,pergunta_intercalada,A-X-A,False,False,False,True,761614,Está dando certo o plano?
6,C,006:e0260,4182,Ricardo Silva,Augusto Julio Soares Madureira,intercalacao,A-X-A,False,False,False,True,762948,"Deputado, o primeiro passo é estar reunido com esses órgãos."
6,C,006:e0261,4185,Augusto Julio Soares Madureira,Ricardo Silva,pergunta_intercalada,A-X-A,False,False,False,True,763466,Para receber?
6,C,006:e0262,4234,Caio Vianna,Augusto Julio Soares Madureira,pergunta_intercalada,A-X-A,False,False,False,True,773991,Onde é que eu falei que eu não precisava da recorrência?
6,C,006:e0263,4244,Caio Vianna,Augusto Julio Soares Madureira,intercalacao,A-X-A,False,False,False,True,775205,Claro que é! Porque...
6,C,006:e0264,4246,Caio Vianna,Augusto Julio Soares Madureira,intercalacao,A-X-A,False,False,False,True,775637,Não são novos clientes. Recorrência é de cliente que já existe.
6,C,006:e0265,4250,Caio Vianna,Augusto Julio Soares Madureira,intercalacao,A-X-A,False,False,False,True,776648,"O que acontece é o seguinte, Deputado: a gente tem um histórico que mostra que os clientes que compram na 123Milhas voltam e compram novos produtos. E é isso que acontece."
6,C,006:e0266,4266,Caio Vianna,Augusto Julio Soares Madureira,intercalacao,A-X-A,False,False,False,True,779126,"Saía, tinha que comprar passagem para outros clientes... para o mesmo cliente, que vai viajar..."
6,C,006:e0267,4274,Caio Vianna,Augusto Julio Soares Madureira,intercalacao,A-X-A,False,False,False,True,780496,Não.
6,C,006:e0268,4284,Caio Vianna,Augusto Julio Soares Madureira,intercalacao,A-X-A,False,False,False,True,781894,O que eu estou dizendo é que eu não usei o seu dinheiro para comprar outra passagem. É isso que eu estou falando para você.
6,C,006:e0269,4294,Caio Vianna,Augusto Julio Soares Madureira,intercalacao,A-X-A,False,False,False,True,783261,"Realmente, está tudo no mesmo caixa."
6,C,006:e0270,4299,Caio Vianna,Augusto Julio Soares Madureira,pergunta_intercalada,A-X-A,False,False,False,True,785233,Posso falar com ele?
6,C,006:e0271,4304,Augusto Julio Soares Madureira,Caio Vianna,pergunta_intercalada,A-X-A,False,False,False,True,786122,E o senhor tem o dinheiro?
6,C,006:e0272,4308,Augusto Julio Soares Madureira,Caio Vianna,pergunta_intercalada,A-X-A,False,False,False,True,789108,O senhor sabe qual é o tamanho da dívida?
6,C,006:e0273,4323,Caio Vianna,Augusto Julio Soares Madureira,intercalacao,A-X-A,False,False,False,True,790472,"As passagens emitidas com...Pode, o cara pode utilizar umvoucherpara comprar a passagem com milhas, sim."
6,C,006:e0274,4348,Caio Vianna,Augusto Julio Soares Madureira,intercalacao,A-X-A,False,False,False,True,793640,Não sei responder a essa pergunta.
6,C,006:e0275,4350,Caio Vianna,Augusto Julio Soares Madureira,intercalacao,A-X-A,False,False,False,True,795017,"No Promo, não. As demais, sim."
6,C,006:e0276,4352,Caio Vianna,Augusto Julio Soares Madureira,intercalacao,A-X-A,False,False,False,True,796055,Quando... A decisão foi tomada em agosto.
6,C,006:e0277,4356,Caio Vianna,Augusto Julio Soares Madureira,intercalacao,A-X-A,False,False,False,True,797075,Não. Eu continuo achando...
6,C,006:e0278,4360,Caio Vianna,Augusto Julio Soares Madureira,intercalacao,A-X-A,False,False,False,True,797589,Eu me reservo o direito de responder a isso em outro fórum.
6,C,006:e0279,4417,Caio Vianna,Augusto Julio Soares Madureira,intercalacao,A-X-A,False,False,False,True,805563,"Não, não vejo desta forma."
6,C,006:e0280,4427,Caio Vianna,Augusto Julio Soares Madureira,intercalacao,A-X-A,False,False,False,True,808835,"É muito simples, Deputado: vocês, a toda hora, estão querendo colocar a gente como se não fosse agência de viagem. Nós somos agência de viagem!"
6,C,006:e0281,4430,Augusto Julio Soares Madureira,Caio Vianna,intercalacao,A-X-A,False,False,False,True,809445,"Eu continuo sem compreender, é claro, eu continuo sem compreender. Veja, o senhor está dizendo que é uma agência de turismo. O senhor está dizendo que o senhor não pode negociar esses produtos, sendo uma agência de turismo."
6,C,006:e0282,4439,Caio Vianna,Augusto Julio Soares Madureira,intercalacao,A-X-A,False,False,False,True,811238,"Não, mas porque aí não é compra. Quando, por exemplo, uma grande empresa..."
6,C,006:e0283,4447,Caio Vianna,Augusto Julio Soares Madureira,intercalacao,A-X-A,False,False,False,True,812428,Não entendi sua pergunta.
6,C,006:e0284,4449,Caio Vianna,Augusto Julio Soares Madureira,intercalacao,A-X-A,False,False,False,True,812943,"O meu entendimento é que pirâmide financeira tem a ver com ganhos financeiros. Então, acho que não."
6,C,006:e0285,4463,Caio Vianna,Augusto Julio Soares Madureira,intercalacao,A-X-A,False,False,False,True,814651,"Não, na minha concepção, não."
6,C,006:e0286,4469,Caio Vianna,Frederico Horta,procedimento,A-X-A,False,False,False,True,816505,"Pois não, Excelência. É a lei que garante à testemunha não ser extenuantemente reperguntada pelo mesmo aspecto, não importa se por..."
6,C,006:e0287,4477,Caio Vianna,Augusto Julio Soares Madureira,intercalacao,A-X-A,False,False,False,True,817637,"Não, ele identificou como bens..."
6,C,006:e0288,4501,Alfredo Gaspar,Augusto Julio Soares Madureira,intercalacao,A-X-A,False,False,False,True,820683,"Não, Sr. Deputado."
6,C,006:e0289,4523,Alfredo Gaspar,Augusto Julio Soares Madureira,intercalacao,A-X-A,False,False,False,True,823531,Sim.
6,C,006:e0290,4531,Alfredo Gaspar,Augusto Julio Soares Madureira,intercalacao,A-X-A,False,False,False,True,824915,Sim.
6,C,006:e0291,4574,Augusto Julio Soares Madureira,Alfredo Gaspar,pergunta_intercalada,A-X-A,False,False,False,True,829073,O senhor sabe quantos clientes foram envolvidos nessa anormalidade?
6,C,006:e0292,4593,Alfredo Gaspar,Augusto Julio Soares Madureira,intercalacao,A-X-A,False,False,False,True,831504,"Na verdade, no contrato, nós nunca falamos em venda total ou venda majoritária da empresa. Nós sempre falamos numa venda de percentual baixo para a gente poder..."
6,C,006:e0293,4604,Augusto Julio Soares Madureira,Alfredo Gaspar,pergunta_intercalada,A-X-A,False,False,False,True,833303,"Seria correto afirmar que a empresa tentou captar uma sociedade, e não foi aceita no mercado essa proposta?"
6,C,006:e0294,4614,Alfredo Gaspar,Augusto Julio Soares Madureira,intercalacao,A-X-A,False,False,False,True,836243,"Sim, a gente..."
6,C,006:e0295,4640,Augusto Julio Soares Madureira,Alfredo Gaspar,pergunta_intercalada,A-X-A,False,False,False,True,840408,Eu queria aqui retornar àholdingque também faz parte do grupo. É a Novum?
6,C,006:e0296,4651,Augusto Julio Soares Madureira,Alfredo Gaspar,pergunta_intercalada,A-X-A,False,False,False,True,841813,O senhor poderia me dizer qual é o regime tributário da 123Milhas?
6,C,006:e0297,4664,Alfredo Gaspar,Augusto Julio Soares Madureira,intercalacao,A-X-A,False,False,False,True,843337,A mesma de qualquer agência de viagem.
6,C,006:e0298,4669,Augusto Julio Soares Madureira,Alfredo Gaspar,pergunta_intercalada,A-X-A,False,False,False,True,844025,"O senhor sabe, no total, quanto isso incide de tributação?"
6,C,006:e0299,4690,Alfredo Gaspar,Augusto Julio Soares Madureira,gestao_tempo,A-X-A,False,True,False,True,846346,"Sim, é com correção. Agora, o prazo, eu dependo de outros fatores dos quais não tenho controle agora e que nós vamos desenvolver ao longo do tempo."
6,C,006:e0300,4692,Alfredo Gaspar,Augusto Julio Soares Madureira,intercalacao,A-X-A,False,False,False,True,847132,"Essa resposta eu não tenho para dar agora para o senhor, Deputado. Em 60 dias, nós vamos apresentar o plano."
6,C,006:e0301,4704,Alfredo Gaspar,Augusto Julio Soares Madureira,intercalacao,A-X-A,False,False,False,True,849261,"Foi a primeira coisa que eu pedi desculpa aqui, Sr. Deputado. A coisa que eu quero mais resolver mais rápido de todas é esta."
6,C,006:e0302,4708,Alfredo Gaspar,Augusto Julio Soares Madureira,intercalacao,A-X-A,False,False,False,True,850394,Nós tivemos clareza desse número em agosto.
6,C,006:e0303,4775,Alfredo Gaspar,Augusto Julio Soares Madureira,intercalacao,A-X-A,False,False,False,True,858748,"Não, isso não foi comigo não, Sr. Deputado."
6,C,006:e0304,4781,Alfredo Gaspar,Augusto Julio Soares Madureira,intercalacao,A-X-A,False,False,False,True,859702,Não.
6,C,006:e0305,4786,Augusto Julio Soares Madureira,Alfredo Gaspar,pergunta_intercalada,A-X-A,False,False,False,True,860618,Essa precificação que permitiu que o senhor oferecesse passagens aéreas extremamente atraentes fez parte de um estudo da sua empresa. O senhor poderia disponibilizar esse estudo?
6,C,006:e0306,4789,Alfredo Gaspar,Augusto Julio Soares Madureira,intercalacao,A-X-A,False,False,False,True,861467,"Machuca mais do que o senhor imagina, Sr. Deputado."
6,C,006:e0307,4791,Alfredo Gaspar,Augusto Julio Soares Madureira,intercalacao,A-X-A,False,False,False,True,862709,"Claro! De forma alguma, Sr. Deputado."
6,C,006:e0308,4803,Roberto Monteiro Pai,Augusto Julio Soares Madureira,intercalacao,A-X-A,False,False,False,True,866336,Também.
6,C,006:e0309,4838,Caio Vianna,Roberto Monteiro Pai,intercalacao,A-X-A,False,False,False,True,875969,E estas pessoas que estão aqui.
6,C,006:e0310,4840,Caio Vianna,Augusto Julio Soares Madureira,intercalacao,A-X-A,False,False,False,True,876688,"Na verdade, os 490 milhões de reais que eu tive que deixar de pagar é porque entrou em RJ, é só por isso."
6,C,006:e0311,4870,Augusto Julio Soares Madureira,Aureo Ribeiro,pergunta_intercalada,A-X-A,True,False,False,True,880617,"Mas se ficarem 600 milhões, se só dão 50, terão alguns anos, não é?"
7,C,007:e0001,2,Pedro Lupion,Danilo Forte,intercalacao,A-X-A,True,False,False,True,16885,"Eu que lhe agradeço, Deputado Pedro Lupion."
7,C,007:e0002,33,Vicente Martins Prata Braga,Mauro Benevides Filho,pergunta_intercalada,A-X-A,False,False,False,True,86807,"Presidente, pela ordem. Como ficaria, então, essa ideia de termos a primeira instância nos Estados e Municípios e a segunda no conselho? Isso não atenderia ao processo de padronização? Quem vai executar eu não sei, refiro-me à decisão."
8,C,008:e0001,8,Otávio Ribeiro Damaso,Aureo Ribeiro,pergunta_intercalada,A-X-A,True,False,False,True,47320,Como os reguladores garantirão que as corretoras de criptomoedas forneçam informações claras e transparentes aos investidores? Como os regulamentos serão aplicados? E qual é o papel do Banco Central do Brasil na aplicação da regulamentação?
8,C,008:e0002,16,Thiago Bueno,Aureo Ribeiro,pergunta_intercalada,A-X-A,True,False,False,True,59120,"Como o Ministério Público tem trabalhado para rastrear, bloquear e restituir os valores investidos pelas vítimas nos esquemas de pirâmide? Há algo que o Poder Legislativo possa fazer para aprimorar esse trabalho?"
8,C,008:e0003,20,Alexandre Pinheiro dos Santos,Aureo Ribeiro,pergunta_intercalada,A-X-A,True,False,False,True,72723,"A CVM tem ou planeja alguma iniciativa para fomentar pesquisa e desenvolvimento de criptomoedas no Brasil, por exemplo, nos moldes do Laboratório de Inovações Financeiras e Tecnológicas — LIFT, do Banco Central?"
8,C,008:e0004,25,Alexandre Pinheiro dos Santos,Aureo Ribeiro,pergunta_intercalada,A-X-A,True,False,False,True,85936,"Com o projeto do real digital, do Banco Central, em andamento, atualmente em fase piloto, a CVM pretende fomentar a ""tokenização"" de valores mobiliários no Brasil?"
10,C,010:e0001,3,Carlos Augusto Simões Gonçalvez Júnior,Capitão Alberto Neto,gestao_tempo,A-X-A,True,True,False,True,21693,"Secretário, só por uma questão de limite de tempo, eu pediria ao senhor que, se possível, falasse sobre o projeto do Governo, sobre as sugestões."
10,C,010:e0002,21,Carlos Augusto Simões Gonçalvez Júnior,Capitão Alberto Neto,intercalacao,A-X-A,True,False,False,True,60598,Perfeito.
10,C,010:e0003,23,Carlos Augusto Simões Gonçalvez Júnior,Capitão Alberto Neto,intercalacao,A-X-A,True,False,False,True,62450,Tudo bem.
10,C,010:e0004,65,Elson Ribeiro Póvoa,Capitão Alberto Neto,intercalacao,A-X-A,True,False,False,True,123531,"Então está bom, está distribuindo dividendos."
10,C,010:e0005,77,Carlos Augusto Simões Gonçalvez Júnior,Capitão Alberto Neto,intercalacao,A-X-A,True,False,False,True,133043,Perfeito.
11,C,011:e0001,10,Jose Almir Cirilo,Fernando Mineiro,tecnica,A-X-A,True,True,False,True,43638,"Não. Peço ao pessoal técnico aqui que nos socorra.(Pausa.) Almir, acho que o senhor não está compartilhando a apresentação conosco."
11,C,011:e0002,20,Crispiniano Neto,Fernando Mineiro,pergunta_intercalada,A-X-A,True,False,False,True,88671,"Isso aconteceu quando, Crispiniano, para podermos datar aqui?"
13,C,013:e0001,36,Padre João,Rogério Correia,intercalacao,A-X-A,True,False,False,True,118048,"Obrigado, Deputado Padre João. Nós estamos a dois Deputados de completar o quórum. Vamos ver se votamos o seu relatório ainda hoje. Se não for possível, deixaremos para o ano que vem, porque amanhã dificilmente nós conseguiremos esse quórum."
13,C,013:e0002,54,Padre João,Rosângela Reis,pergunta_intercalada,A-X-A,False,False,False,True,146230,"Deputado Padre João, V.Exa. sabe quantas famílias foram retiradas dessa região?"
13,C,013:e0003,56,Padre João,Rogério Correia,gestao_tempo,verbo_interromper,False,True,False,True,151009,"Deputado Padre João, vou interromper V.Exa. por um breve momento para que não corramos risco. O relatório de V.Exa. já foi divulgado há bastante tempo, e todos nós concordamos com ele. Aliás, é um excelente relatório, e eu queria elogiá-lo pelo trabalho realizado, não só pelo relatório, mas também pelas diligências. Foi um trabalho ardoroso, Deputado Padre João, e quero parabenizá-lo. O Deputado foi a todas essas barragens, que são de risco. S.Exa. está fazendo um relato muito importante. Para que possamos aprová-lo — precisamos aprová-lo este ano, para dar conhecimento às autoridades — vou"
14,C,014:e0001,7,Diego Bruno Martins Alves,Ivan Valente,pergunta_intercalada,A-X-A,True,False,False,True,13429,"Sr. Diego, só uma pergunta, V.Sa. vai ter que sair ou vai permanecer na audiência?"
14,C,014:e0002,13,Roberta Lima Barbosa Bomfim,Ivan Valente,gestao_tempo,A-X-A,True,True,False,True,24482,Peço a V.Sa. que conclua.
15,C,015:e0001,14,Caio Salvino,Bia Kicis,gestao_tempo,A-X-A,True,True,False,True,55954,"Dr. Caio, eu sinto ter que interrompê-lo, mas os 20 minutos já se esgotaram, e precisamos prosseguir. Depois, na resposta às perguntas, o senhor pode complementar sua fala."
15,C,015:e0002,30,Jorge Solla,Bia Kicis,gestao_tempo,A-X-A,True,True,False,True,77473,"Deputado, nós estamos aguardando a chegada da sua delegação como Vice-Líder. Então, eu vou seguir a lista. Vou conceder mais 1 minuto a V.Exa., para V.Exa. concluir, e, chegando a delegação, eu lhe dou o tempo de Líder."
15,C,015:e0003,34,General Girão,Bia Kicis,gestao_tempo,A-X-A,True,True,False,True,82352,"Conclua, Deputado."
15,C,015:e0004,38,Sargento Gonçalves,plateia/desconhecido,manifestacao_plateia,A-X-A,True,True,True,True,83803,"Vamos respeitar. Assessoria, eu peço que respeitem a fala do Deputado. Senão, vou ter que esvaziar o plenário."
15,C,015:e0005,50,Coronel Chrisóstomo,Eder Gatti,intercalacao,A-X-A,False,False,False,True,99581,Eu fui do corpo de saúde. Meu papel no Exército era salvar vidas.(Palmas.)
15,C,015:e0006,68,Delegado Paulo Bilynskyj,Eder Gatti,intercalacao,A-X-A,False,False,False,True,103508,"Isso depende da variante. Por exemplo, nos estudos clínicos, há determinada proporção definida. Vou dar um exemplo: quando foi licenciada a vacina de vírus inativado, 50,4% das pessoas imunizadas não adquiriam COVID. Esse foi um dado clínico."
15,C,015:e0007,78,Delegado Paulo Bilynskyj,Eder Gatti,intercalacao,A-X-A,False,False,False,True,105553,"Ele não disse isso. Eu, pelo menos, não ouvi em nenhum lugar ele dizendo isso, da forma como o senhor está dizendo. Eu desconheço."
15,C,015:e0008,80,Delegado Paulo Bilynskyj,Bia Kicis,gestao_tempo,A-X-A,True,True,False,True,106966,"Peço que conclua, Deputado."
15,C,015:e0009,95,Franciane Bayer,Bia Kicis,intercalacao,A-X-A,True,False,False,True,130510,"Por gentileza, eu peço ao pessoal que aguarda o próximo evento que espere do lado de fora. Não custa nada. Vocês não vão tumultuar nossa reunião. Obrigada."
15,C,015:e0010,97,Franciane Bayer,Bia Kicis,procedimento,A-X-A,True,False,False,True,131170,"Muito obrigada, Deputada."
15,C,015:e0011,115,Eder Gatti,Osmar Terra,intercalacao,A-X-A,False,False,False,True,146478,"Presidente, depois eu quero responder."
15,C,015:e0012,38,Sargento Gonçalves,plateia,manifestacao_plateia,marca_editorial_plateia,False,True,True,True,83775,"filhas mais do que eu? Por elas, eu sou capaz de matar e de morrer. Existem riscos desconhecidos. E eu quero deixar claro aqui também que não sou negacionista.(Manifestação na plateia.)"
16,C,016:e0001,15,Ministro Silvio Almeida,Bia Kicis,intercalacao,A-X-A,True,False,False,True,37282,Ministro... Ministro...
16,C,016:e0002,83,Ministro Silvio Almeida,Eduardo Bolsonaro,pergunta_intercalada,A-X-A,False,False,False,True,67700,O Lula tem? O Lula tem respeito?
16,C,016:e0003,89,Nikolas Ferreira,Bia Kicis,gestao_tempo,A-X-A,True,True,False,True,71826,"Podem repor o tempo do Deputado. V.Exa. ainda tem 2 minutos e 14 segundos, Deputado."
16,C,016:e0004,106,Ministro Silvio Almeida,Marcos Pollon,intercalacao,A-X-A,False,False,False,True,90939,"Sr. Ministro, eu fiz uma pergunta objetiva."
16,C,016:e0005,131,Marcos Pollon,Ministro Silvio Almeida,intercalacao,A-X-A,False,False,False,True,96766,"Doutor, desculpe-me..."
16,C,016:e0006,187,Rogério Correia,Bia Kicis,intercalacao,A-X-A,True,False,False,True,106606,"Deputado, o art. 70 não versa sobre isso."
16,C,016:e0007,193,Rogério Correia,Bia Kicis,intercalacao,A-X-A,True,False,False,True,107724,"Deputado, como esse não é o artigo correto, então está indeferida a questão de ordem. Eu passo a palavra imediatamente ao Deputado Evair, requerente."
16,C,016:e0008,209,Evair Vieira de Melo,plateia/desconhecido,manifestacao_plateia,A-X-A,True,True,True,True,113212,Vamos respeitar a fala. Sem gracejos.
16,C,016:e0009,213,Ministro Silvio Almeida,Evair Vieira de Melo,intercalacao,A-X-A,False,False,False,True,120326,"Desculpe, eu perguntei se o senhor foi à Papuda, objetivamente."
16,C,016:e0010,221,Ministro Silvio Almeida,Bia Kicis,intercalacao,A-X-A,True,False,False,True,121556,É ponto facultativo.
16,C,016:e0011,258,Ministro Silvio Almeida,Bia Kicis,gestao_tempo,A-X-A,True,True,False,True,151741,"Peço que encerre, Ministro."
16,C,016:e0012,272,Sargento Fahur,Sanderson,intercalacao,A-X-A,True,False,False,True,176992,"Obrigado, Deputado Sargento Fahur. V.Exa. tinha ainda 30 segundos."
16,C,016:e0013,297,Jorge Solla,Bia Kicis,intercalacao,A-X-A,True,False,False,True,198954,"Obrigada, Deputado Jorge Solla. Tem a palavra o Deputado Rogério Correia.(Pausa.)"
17,C,017:e0001,22,Alencar Santana,Rui Falcão,intercalacao,A-X-A,True,False,False,True,93705,"Obrigado, Deputado Alencar."
17,C,017:e0002,29,Pedro Estevam,Rui Falcão,intercalacao,A-X-A,True,False,False,True,105827,"As modulações, às vezes."
20,M,020:e0001,14,Lucia Alberta,plateia,plateia_apos_encerramento,marca_editorial_plateia,False,False,False,True,39636,"io da Educação. Não dá para a nossa parenta, Rosilene Tuxá, ficar lá sozinha, trabalhando com a educação escolar indígena, sem estrutura, sem equipe. Obrigada.(Manifestação na plateia.)"
22,C,022:e0001,19,Jorge Gonçalves Filho,Lucas Ramos,gestao_tempo,A-X-A,True,True,False,True,39195,"Sr. Jorge, só uma questão. Já demos mais 5 minutos para que o senhor pudesse fazer a sua explanação e damos, então, mais outros 5 minutos para o senhor concluir."
23,C,023:e0001,51,Leônidas Cristino,Hugo Leal,intercalacao,A-X-A,True,False,False,True,118749,"Sim, é preocupante, mas a transição tem que passar por todos esses elementos, não adianta pular de fase."
23,C,023:e0002,66,Rogerio Manso,Hugo Leal,pergunta_intercalada,A-X-A,True,False,False,True,126609,Para a Comissão?
25,C,025:e0001,8,Ricardo Demicheli,Zé Silva,pergunta_intercalada,A-X-A,True,False,False,True,29802,Qual é o valor?
25,C,025:e0002,23,Wolnei Aparecido Wolff Barreiros,Zé Neto,pergunta_intercalada,A-X-A,True,False,False,True,62214,"Wolnei, quer dizer que está disponível para os Municípios acessarem?"
25,C,025:e0003,35,Keny Soares,Zé Silva,intercalacao,A-X-A,True,False,False,True,81213,"Não tem, não."
25,C,025:e0004,84,Zé Silva,não identificado,fala_anonima,cabecalho_nao_identificado,False,True,True,True,161392,"Nós que estamos aqui gostaríamos de pedir uma salva de palmas para vocês que foram sensíveis à nossa causa e estão aqui. Isso demonstra o compromisso de vocês quando andaram em nossa região. É isto o que esperamos, o político que vai lá pedir o nosso voto e volta para trabalhar conosco. Então, uma salva de palmas de todos nós, de pé, para os políticos que estão aqui."
26,M,026:e0001,2,Rosane Silva,Luizianne Lins,intercalacao,A-X-A,True,False,False,True,10289,Isso é ela que diz.
27,C,027:e0001,26,Melillo Dinis do Nascimento,Marcelo Senise,pergunta_intercalada,A-X-A,False,False,False,True,64953,Posso falar?
27,C,027:e0002,28,Melillo Dinis do Nascimento,Marcelo Senise,pergunta_intercalada,A-X-A,False,False,False,True,65544,"Eu preciso responder. Como advogado, você defende criminoso?"
27,C,027:e0003,55,Melillo Dinis do Nascimento,Prof. Paulo Fernando,gestao_tempo,A-X-A,True,True,False,True,95636,"Muito bem. Como o Marcelo falou, isto aqui é um pontapé inicial, é o primeiro debate, a primeira discussão. Eu fico imaginando, daqui a algum tempo, quando foram pesquisar nesse GP..."
29,M,029:e0001,17,Rafael Moreira da Silva de Oliveira,Paulão,intercalacao,A-X-A,True,False,False,True,66298,"Sr. Rafael, aproveite e faça as suas considerações finais antes de eu passar a palavra para o Sr. Yuri."
29,M,029:e0002,33,João Carlos dos Santos,Paulão,intercalacao,A-X-A,True,False,False,True,97008,"Queremos agradecer ao João Carlos dos Santos, da Frente Negra Gaúcha. O João estava participando, inclusive a imagem dele estava aparecendo. No momento da fala, houve um problema técnico."
29,M,029:e0003,39,Jackson Augusto Marcelino Júnior,Paulão,gestao_tempo,A-X-A,True,True,False,True,114860,"Jackson, pode concluir, por favor?"
34,M,034:e0001,17,Lilian Miranda,Eduardo Velloso,intercalacao,A-X-A,True,False,False,True,62609,Claro!
34,M,034:e0002,28,Gerlen Diniz,Eduardo Velloso,intercalacao,A-X-A,True,False,False,True,84874,Tietê.
35,C,035:e0001,2,Walber Agra,Rubens Pereira Júnior,intercalacao,A-X-A,True,False,False,True,19894,Pode continuar.
35,C,035:e0002,4,Walber Agra,Rubens Pereira Júnior,gestao_tempo,A-X-A,True,True,False,True,24364,"Eu agradeço, Walber. V.Exa. não extrapolou o tempo, usou precisamente os 15 minutos."
35,C,035:e0003,28,Thiago Boverio,Dani Cunha,intercalacao,A-X-A,True,False,False,True,130676,"Há uma minirréplica. Nós abrimos para os Parlamentares e, depois, para os convidados, mas, claro..."
35,C,035:e0004,38,Isnaldo Bulhões Jr,Dani Cunha,intercalacao,A-X-A,True,False,False,True,154532,Foi bom porque quem estava quase dormindo acordou.
36,C,036:e0001,24,Prof. Paulo Fernando,Coronel Meira,intercalacao,A-X-A,True,False,False,True,40502,Com certeza. Será um prazer.
36,C,036:e0002,36,Osvaldo Agripino de Castro Junior,Coronel Meira,gestao_tempo,A-X-A,True,True,False,True,82900,"Professor, peço que conclua."
38,C,038:e0001,27,Daniel Panizzi,Carlos Gomes,intercalacao,A-X-A,True,False,False,True,62251,"Obrigado, Daniel. Mas eu prefiro colher a uva com a minha tesourinha. É claro que, em grande escala, vai a colheitadeira lá colher automaticamente, mas ainda prefiro a minha tesourinha ali na vindima, o que é uma maravilha."
39,C,039:e0001,10,Manuel Domingos Neto,Rui Falcão,intercalacao,A-X-A,True,False,False,True,61274,"Professor, ele tinha pedido para se retirar."
39,C,039:e0002,45,Manuel Domingos Neto,General Girão,intercalacao,A-X-A,False,False,False,True,133257,Ele entra cedo na carreira militar.
39,C,039:e0003,48,Sérgio Westephalen Etchegoyen,Flávio Nogueira,pergunta_intercalada,A-X-A,False,False,False,True,135964,"General, se o candidato militar perder a eleição, ele volta?"
40,C,040:e0001,22,Luiz Lima,Márcio Marinho,intercalacao,A-X-A,True,False,False,True,59421,Já me tornei baiano.
40,C,040:e0002,53,Cleiber Pinheiro Maia,Márcio Marinho,intercalacao,A-X-A,True,False,False,True,116840,"Parabéns pelo seu trabalho, que é muito bacana e muito legal!(Palmas.) Você já pode fazer suas considerações finais."
40,C,040:e0003,64,Luiz Lima,Danys Marques Maia Queiroz,intercalacao,A-X-A,False,False,False,True,126974,Pode ser.
40,C,040:e0004,70,Luiz Lima,Danys Marques Maia Queiroz,intercalacao,A-X-A,False,False,False,True,127584,Não.
42,C,042:e0001,2,Cleomar Manhas,Glauber Braga,procedimento,A-X-A,True,False,False,True,8771,"Muito obrigado, Cleo. Com certeza, nós vamos fazer essa pressão mesmo neste ambiente inóspito aqui, que é a representação da Câmara."
42,C,042:e0002,15,Rafaela Albergaria,plateia,plateia_solicitada,marca_editorial_plateia,False,False,False,True,51189,"ne isso aí é se vamos viver ou se vamos morrer.(Palmas.) Desculpem-me por eu ter alongado o meu tempo. Eu queria pedir que gritassem comigo. Joana, presente!(Manifestação na plateia: Joana, presente! Joana, presente! Joana, presente!) Marielle, presente!(Manifestação na plateia: Marielle, presente! Marielle, presente! Marielle, presente!) Braulio, presente!(Manifestação na plateia: Braulio"
42,C,042:e0003,15,Rafaela Albergaria,plateia,plateia_solicitada,marca_editorial_plateia,False,False,False,True,51287,"empo. Eu queria pedir que gritassem comigo. Joana, presente!(Manifestação na plateia: Joana, presente! Joana, presente! Joana, presente!) Marielle, presente!(Manifestação na plateia: Marielle, presente! Marielle, presente! Marielle, presente!) Braulio, presente!(Manifestação na plateia: Braulio, presente! Braulio, presente! Braulio, presente!) Obrigada."
42,C,042:e0004,15,Rafaela Albergaria,plateia,manifestacao_plateia,marca_editorial_plateia,False,False,False,True,51393,"oana, presente! Joana, presente!) Marielle, presente!(Manifestação na plateia: Marielle, presente! Marielle, presente! Marielle, presente!) Braulio, presente!(Manifestação na plateia: Braulio, presente! Braulio, presente! Braulio, presente!) Obrigada."
43,C,043:e0001,4,Heraldo Luiz Rodrigues,Fernanda Melchionna,intercalacao,A-X-A,True,False,False,True,7086,"Estamos providenciando, Brigadeiro."
43,C,043:e0002,8,Heraldo Luiz Rodrigues,Fernanda Melchionna,gestao_tempo,A-X-A,True,True,False,True,21019,"Brigadeiro, acabou o seu tempo. Eu vou conceder mais uns 2 minutinhos. Pode ser?"
43,C,043:e0003,14,Jéssica Rocha,Albuquerque,intercalacao,A-X-A,True,False,False,True,49060,"Quero dizer aos amigos que aguardem um pouco, porque houve um problema técnico. Ele será resolvido rapidamente. É importante a fala com a replicação do material."
43,C,043:e0004,21,Vanderley Carlos Gonçalves,Fernanda Melchionna,tecnica,A-X-A,True,True,False,True,72756,Peço que parem o cronômetro enquanto resolvemos o problema com a apresentação.(Pausa.)
43,C,043:e0005,27,Vanderley Carlos Gonçalves,Claudio Lino,intercalacao,A-X-A,False,False,False,True,80443,Subtenente.
43,C,043:e0006,39,Sargento Portugal,Heraldo Luiz Rodrigues,intercalacao,A-X-A,False,False,False,True,104261,Sim.
43,C,043:e0007,37,Albuquerque,plateia,manifestacao_plateia,marca_editorial_plateia,False,True,True,True,100672,"inte: os senhores se lembram de quando prendiam cabos e soldados à revelia, sem direito ao contraditório?""Está preso! Vai para a cadeia!""Quem lembra disso aqui?(Manifestação na plateia.) Todo mundo. Se não estávamos em forma, o comandante ou o capitão da companhia dizia:""Está preso! Bota na cadeia"". E sabem o que os senhores estão fazendo hoj"
44,C,044:e0001,14,Carlos Eduardo Rezende,José Priante,pergunta_intercalada,A-X-A,True,False,False,True,57790,"Sim, sim. Está aparecendo. O senhor poderia falar só um pouquinho mais alto para facilitar audiência aqui da Comissão, por favor?"
44,C,044:e0002,18,Carlos Eduardo Rezende,Ivan Valente,tecnica,A-X-A,False,True,False,True,58944,"Presidente, gostaria de pedir que o participante paralisasse um pouco a fala. Eu acho que ele está falando pensando que há um Power Pointsendo exposto na tela. É isso?"
44,C,044:e0003,39,Ivan Valente,José Priante,gestao_tempo,A-X-A,True,True,False,True,142579,"V.Exa. tem todo o tempo. É claro que nós vamos ouvi-la. Afinal de contas, isto aqui é um debate. Nós temos que ouvir todos."
44,C,044:e0004,58,Marcelo Martins,José Priante,gestao_tempo,A-X-A,True,True,False,True,169333,"Peço que conclua, por favor, Vereador."
44,C,044:e0005,66,Daniele Zaneti Puelker,Gabriel Mota,pergunta_intercalada,A-X-A,False,False,False,True,182893,"Dra. Daniele, só uma pergunta: a senhora teria alguma informação sobre Roraima, por favor? Desculpe-me pelo incômodo."
45,C,045:e0001,6,Ministro Paulo Teixeira,plateia/desconhecido,manifestacao_plateia,A-X-A,True,True,True,True,19739,"Só um minutinho. Eu peço à assistência — os Deputados estão todos em silêncio — que escute o nosso convidado, por favor, em silêncio."
45,C,045:e0002,12,Ricardo Salles,Ministro Paulo Teixeira,pergunta_intercalada,A-X-A,False,False,False,True,29453,O senhor me permite um aparte?
45,C,045:e0003,15,Ministro Paulo Teixeira,Ricardo Salles,intercalacao,A-X-A,False,False,False,True,30221,Ainda tinha.
45,C,045:e0004,24,Ricardo Salles,Ministro Paulo Teixeira,pergunta_intercalada,A-X-A,False,False,False,True,34420,O senhor me permite?
45,C,045:e0005,28,Ricardo Salles,Ministro Paulo Teixeira,pergunta_intercalada,A-X-A,False,False,False,True,36301,Do INCRA?
45,C,045:e0006,31,Ministro Paulo Teixeira,Ricardo Salles,intercalacao,A-X-A,False,False,False,True,37792,"Ela determina, exatamente como dito aí..."
45,C,045:e0007,34,Ricardo Salles,Ministro Paulo Teixeira,pergunta_intercalada,A-X-A,False,False,False,True,38493,Posso responder?
45,C,045:e0008,37,Ministro Paulo Teixeira,Ricardo Salles,intercalacao,A-X-A,False,False,False,True,40291,"Então, consequentemente, podemos inferir dessas colocações que o senhor traz que o Ministério do Desenvolvimento Agrário e o INCRA não mais permitirão que listas de assentados sejam oferecidas ou manejadas pelos respectivos movimentos sociais."
45,C,045:e0009,45,Ricardo Salles,Ministro Paulo Teixeira,tecnica,A-X-A,False,True,False,True,45520,"Permita-me dizer algo. Estou com a tela do CADÚNICO aberta. Realmente eu errei. Não são 54 mil, são 57 mil pessoas que estão acampadas no Brasil, segundo o CADÚNICO. São 57 mil. O número é maior."
45,C,045:e0010,62,Ricardo Salles,Ministro Paulo Teixeira,intercalacao,A-X-A,False,False,False,True,56171,"Olha, Deputado Ricardo Salles, o senhor está dizendo que o Governo Bolsonaro deixou uma norma. Só que ele não assentou..."
45,C,045:e0011,65,Ministro Paulo Teixeira,Coronel Chrisóstomo,intercalacao,A-X-A,False,False,False,True,56762,Devem ser do MST.
45,C,045:e0012,73,Ricardo Salles,Ministro Paulo Teixeira,intercalacao,A-X-A,False,False,False,True,60266,"Se o senhor me permite, o ex-Presidente Jair Bolsonaro disse:""No meu Governo, eu não vou assentar 1 centímetro de terra"". E ele fez isso. Basicamente, ele fez isso."
45,C,045:e0013,78,Ministro Paulo Teixeira,Ricardo Salles,intercalacao,A-X-A,False,False,False,True,62585,Se quiser...
45,C,045:e0014,107,Ricardo Salles,Ministro Paulo Teixeira,intercalacao,A-X-A,False,False,False,True,77156,"Ministro, de fato, este é um tema que precisa ser discutido, porque o Ministério do Desenvolvimento Agrário foi extinto. Ele foi extinto!"
45,C,045:e0015,110,Ministro Paulo Teixeira,Ricardo Salles,intercalacao,A-X-A,False,False,False,True,77965,Pois é...
45,C,045:e0016,116,Ministro Paulo Teixeira,Ricardo Salles,intercalacao,A-X-A,False,False,False,True,80586,Veremos. Obrigado. Eu queria voltar a outro ponto que o senhor citou...
45,C,045:e0017,120,Ministro Paulo Teixeira,Ricardo Salles,pergunta_intercalada,A-X-A,False,False,False,True,81873,E com relação às CROs?
45,C,045:e0018,127,Ricardo Salles,Ministro Paulo Teixeira,intercalacao,A-X-A,False,False,False,True,87639,Eu falei a V.Exa. — deixe-me só voltar aqui — que não há previsão orçamentária para novos assentamentos no ano de 2023. Eu disse a V.Exa. que há uma negociação dentro do Governo para que haja essa previsão orçamentária.
45,C,045:e0019,135,Ricardo Salles,Ministro Paulo Teixeira,intercalacao,A-X-A,False,False,False,True,90414,"Deputado, se o senhor me permitir, é o seguinte."
45,C,045:e0020,142,Ministro Paulo Teixeira,Ricardo Salles,intercalacao,A-X-A,False,False,False,True,91723,"Não, a rubrica existe. Não há é a destinação..."
45,C,045:e0021,144,Ministro Paulo Teixeira,Ricardo Salles,intercalacao,A-X-A,False,False,False,True,92401,"Que bom! Mas fazemos o remanejamento primeiro e tomamos as medidas depois, porque, do contrário, fere de morte o princípio que está inserido na legislação."
45,C,045:e0022,156,Ministro Paulo Teixeira,Ricardo Salles,intercalacao,A-X-A,False,False,False,True,94155,Que bom!
45,C,045:e0023,159,Ricardo Salles,Ministro Paulo Teixeira,intercalacao,A-X-A,False,False,False,True,95025,O PLN 14 é o que está prevendo um remanejamento para o INCRA de recursos. É um PLN.
45,C,045:e0024,162,Ministro Paulo Teixeira,Ricardo Salles,intercalacao,A-X-A,False,False,False,True,95958,"Dos precatórios, desculpem. Ela tem razão. Mas o precatório é do..."
45,C,045:e0025,167,Ricardo Salles,Ministro Paulo Teixeira,intercalacao,A-X-A,False,False,False,True,97655,"Então, eu quero agradecer ao senhor por ter respondido a minha pergunta. O Governo Federal está pagando em dia todas as desapropriações que promoveu."
45,C,045:e0026,172,Ministro Paulo Teixeira,Ricardo Salles,intercalacao,A-X-A,False,False,False,True,101096,"É importante lembrar que, pelo histórico, os assentamentos do INCRA são responsáveis por 25% do desmatamento na Amazônia. Boa parte das terras públicas de que o INCRA dispõe para assentamento está na Amazônia. Portanto, é preciso equacionar esta questão."
45,C,045:e0027,176,Ministro Paulo Teixeira,Ricardo Salles,pergunta_intercalada,A-X-A,False,False,False,True,102545,"Obrigado, Ministro. Eu tenho apenas mais três perguntas. Houve um protocolo entre a AGU e o MDA para a destinação das terras adjudicadas pela União por força de execuções fiscais à reforma agrária. Correto?"
45,C,045:e0028,179,Ricardo Salles,Ministro Paulo Teixeira,intercalacao,A-X-A,False,False,False,True,103376,Isso está sendo pensado.
45,C,045:e0029,184,Ministro Paulo Teixeira,Ricardo Salles,pergunta_intercalada,A-X-A,False,False,False,True,108272,Trabalhavam lá?
45,C,045:e0030,187,Ricardo Salles,Ministro Paulo Teixeira,intercalacao,A-X-A,False,False,False,True,109513,Eu não disse isso também.
45,C,045:e0031,191,Ricardo Salles,Ministro Paulo Teixeira,intercalacao,A-X-A,False,False,False,True,110419,"O esbulho possessório, na lei, é de 2 anos."
45,C,045:e0032,194,Ministro Paulo Teixeira,Ricardo Salles,intercalacao,A-X-A,False,False,False,True,110948,"Bom, como os meus colegas aqui querem perguntar, eu vou fazer duas breves perguntas e gostaria que V.Exa. respondesse."
45,C,045:e0033,196,Ministro Paulo Teixeira,Ricardo Salles,intercalacao,A-X-A,False,False,False,True,111501,"Sim, mas não aquele que está na área invadida, porque a lei diz inclusive que quem invadiu não pode receber lotes."
45,C,045:e0034,200,Ministro Paulo Teixeira,Ricardo Salles,intercalacao,A-X-A,False,False,False,True,113157,"Mas, para fazer isso, o critério da lei de 1993, que impede a utilização de áreas invadidas para fins de reforma agrária, tem que ser alterado."
45,C,045:e0035,205,Ministro Paulo Teixeira,Ricardo Salles,gestao_tempo,A-X-A,False,True,False,True,115143,"A minha pergunta, então, para encerrar, é esta: assim como o Governo se mobiliza para apoiar a Marcha das Margaridas, as mulheres do agro que não compõem esse grupo terão o mesmo apoio quando quiserem?"
45,C,045:e0036,211,Coronel Meira,Ministro Paulo Teixeira,pergunta_intercalada,A-X-A,False,False,False,True,122572,"Coronel, posso responder a sua indagação?"
45,C,045:e0037,222,Caroline de Toni,Ministro Paulo Teixeira,pergunta_intercalada,A-X-A,False,False,False,True,129993,A senhora me permite responder?
45,C,045:e0038,225,Ministro Paulo Teixeira,Caroline de Toni,intercalacao,A-X-A,False,False,False,True,131089,"Mas, Ministro, veja bem..."
45,C,045:e0039,234,Caroline de Toni,Ministro Paulo Teixeira,intercalacao,A-X-A,False,False,False,True,133019,"Deputada, existe a inteligência artificial e a burrice pessoal."
45,C,045:e0040,239,Ministro Paulo Teixeira,Caroline de Toni,intercalacao,A-X-A,False,False,False,True,138748,Mas a seleção de famílias foi feita em edital público.
45,C,045:e0041,251,Ministro Paulo Teixeira,Ricardo Salles,intercalacao,A-X-A,False,False,False,True,143822,"Não foram 60%, foram 20%."
45,C,045:e0042,259,Caroline de Toni,Ministro Paulo Teixeira,intercalacao,A-X-A,False,False,False,True,145807,"Deputada Caroline de Toni, em primeiro lugar, eu desconheço essa afirmação que a senhora fez de que o João Pedro Stédile nomeou 19 superintendentes do INCRA."
45,C,045:e0043,284,Ministro Paulo Teixeira,Caroline de Toni,pergunta_intercalada,A-X-A,False,False,False,True,151896,E o senhor pediu expressamente que eles parassem de invadir terras?
45,C,045:e0044,289,Ministro Paulo Teixeira,Caroline de Toni,pergunta_intercalada,A-X-A,False,False,False,True,153994,"Mas isso não justifica a invasão, não é, Ministro?"
45,C,045:e0045,291,Ministro Paulo Teixeira,Caroline de Toni,pergunta_intercalada,A-X-A,False,False,False,True,157332,"Ministro, eu gostaria que V.Exa. respondesse de forma mais objetiva. V.Exa. considerou um protesto o que eles fizeram na EMBRAPA. Ao falar isso, V.Exa. considera legítima a invasão de terra para pleitear direitos?"
45,C,045:e0046,294,Caroline de Toni,Ministro Paulo Teixeira,intercalacao,A-X-A,False,False,False,True,158318,"Eu queria que a senhora, se pudesse, relesse o que eu disse. Eu disse:""O INCRA vai voltar a cadastrar as famílias acampadas"".Esse foi o ponto final que eu pus à frase. A senhora fez um acréscimo."
45,C,045:e0047,316,Ministro Paulo Teixeira,Ricardo Salles,intercalacao,A-X-A,False,False,False,True,168336,"Sr. Ministro, tenho uma intervenção a respeito desse ponto. Ministro, é só uma questão. O senhor descreveu aqui a correta atuação da Força Nacional para evitar esses problemas de conflitos, salvo engano, no sul do Pará..."
45,C,045:e0048,332,Ricardo Salles,Ministro Paulo Teixeira,pergunta_intercalada,A-X-A,False,False,False,True,178443,O senhor me permite responder?
45,C,045:e0049,335,Ministro Paulo Teixeira,Ricardo Salles,pergunta_intercalada,A-X-A,False,False,False,True,179307,"Consultou por qual meio, Ministro?"
45,C,045:e0050,343,Ministro Paulo Teixeira,Ricardo Salles,pergunta_intercalada,A-X-A,False,False,False,True,180443,Eu só queria saber o fundamento. Qual foi o fundamento?
45,C,045:e0051,350,Ministro Paulo Teixeira,Ricardo Salles,intercalacao,A-X-A,False,False,False,True,185320,"Desculpa, Ministro, andou muito na esfera federal até que mandou para a esfera estadual, e morreu a investigação."
45,C,045:e0052,360,Ricardo Salles,Ministro Paulo Teixeira,intercalacao,A-X-A,False,False,False,True,189963,"Olha, o Ministro Rui Costa não se negaria a vir aqui. Então, foi um temainterna corporis, uma decisãointerna corporisdos partidos. Não compete a nós opinar."
45,C,045:e0053,366,Kim Kataguiri,Ministro Paulo Teixeira,intercalacao,A-X-A,False,False,False,True,193883,"Deputado, foi um protesto. Estou entendendo aqui que aquilo foi um protesto. Nós dissemos o seguinte:“A condição para que vocês sejam atendidos é a retirada de vocês. É condição, pré-condição”."
45,C,045:e0054,372,Kim Kataguiri,Ministro Paulo Teixeira,intercalacao,A-X-A,False,False,False,True,196440,"Deputado Kim Kataguiri, o senhor parte de um ponto que eu contesto: esse relatório do Tribunal de Contas da União."
45,C,045:e0055,385,Ministro Paulo Teixeira,Kim Kataguiri,intercalacao,A-X-A,False,False,False,True,198110,V.Exa. está se referindo a um acórdão que eu não citei. Eu citei outro acórdão.
45,C,045:e0056,387,Ministro Paulo Teixeira,Kim Kataguiri,pergunta_intercalada,A-X-A,False,False,False,True,198685,Indicando os superintendentes do INCRA? Havia membros do movimento nas superintendências do INCRA?
45,C,045:e0057,417,Ministro Paulo Teixeira,Kim Kataguiri,pergunta_intercalada,A-X-A,False,False,False,True,203641,"FENAVINHO tem CNPJ, FENARROZ também. E o MST?"
45,C,045:e0058,425,Ministro Paulo Teixeira,Kim Kataguiri,intercalacao,A-X-A,False,False,False,True,205413,Não é o que a Advocacia-Geral da União afirmou.
45,C,045:e0059,431,Ministro Paulo Teixeira,Kim Kataguiri,pergunta_intercalada,A-X-A,False,False,False,True,207373,"Há uma auditoria em curso. Dessa auditoria em curso no Tribunal de Contas da União para cumprimento de condicionantes, quais novas condicionantes foram cumpridas, desde que V.Exa. assumiu o Ministério?"
45,C,045:e0060,435,Ministro Paulo Teixeira,Kim Kataguiri,intercalacao,A-X-A,False,False,False,True,210429,"Obrigado, Ministro. V.Exa. é um excelente malabarista retórico.(Risos.)"
45,C,045:e0061,439,Ricardo Salles,Ministro Paulo Teixeira,intercalacao,A-X-A,False,False,False,True,211914,"Deputado, o senhor já foi Ministro."
45,C,045:e0062,447,Ministro Paulo Teixeira,Ricardo Salles,intercalacao,A-X-A,False,False,False,True,217138,"Não, pode mencionar, até porque a Esquerda gosta dele. Ele trabalhou no Governo do Lula, quer dizer, da Dilma."
45,C,045:e0063,450,Ricardo Salles,Nilto Tatto,intercalacao,A-X-A,False,False,False,True,218772,Ele foi Prefeito.
45,C,045:e0064,452,Ricardo Salles,Ministro Paulo Teixeira,pergunta_intercalada,A-X-A,False,False,False,True,219451,"Deputado, o senhor põe no seu currículo tudo que o senhor fez na juventude?"
45,C,045:e0065,458,Coronel Chrisóstomo,Ministro Paulo Teixeira,intercalacao,A-X-A,False,False,False,True,224092,Não.(Risos.)
45,C,045:e0066,463,Ministro Paulo Teixeira,Coronel Chrisóstomo,intercalacao,A-X-A,False,False,False,True,224671,"Tucano com ""k""."
45,C,045:e0067,467,Ministro Paulo Teixeira,Coronel Chrisóstomo,pergunta_intercalada,A-X-A,False,False,False,True,225881,E LCP?
45,C,045:e0068,474,Coronel Chrisóstomo,Ministro Paulo Teixeira,intercalacao,A-X-A,False,False,False,True,227692,"Deputado, eu posso afirmar, com certeza, que não há nenhuma relação entre eles, nenhuma relação entre esses movimentos. Aliás, existem lideranças que, a partir de profundas divergências com esses movimentos, fundaram outros movimentos por divergirem."
45,C,045:e0069,479,Ministro Paulo Teixeira,Ricardo Salles,pergunta_intercalada,A-X-A,False,False,False,True,228917,Mas V.Exa. não é contra os movimentos e o agronegócio em si?
45,C,045:e0070,481,Ministro Paulo Teixeira,Ricardo Salles,pergunta_intercalada,A-X-A,False,False,False,True,229698,"Portanto, eu esperava sua resposta, que é muito sensata isso. V.Exa. não seria favorável a um movimento de resistência ao agronegóciolato sensu?"
45,C,045:e0071,484,Ricardo Salles,Nilto Tatto,pergunta_intercalada,A-X-A,False,False,False,True,231915,O que V.Exa. era antes de exercer um cargo lá em São Paulo?
45,C,045:e0072,492,Ricardo Salles,Ministro Paulo Teixeira,intercalacao,A-X-A,False,False,False,True,233954,Não.
45,C,045:e0073,495,Ministro Paulo Teixeira,Ricardo Salles,intercalacao,A-X-A,False,False,False,True,235091,"Não trabalhou, não."
45,C,045:e0074,499,Ministro Paulo Teixeira,Ricardo Salles,intercalacao,A-X-A,False,False,False,True,236214,Pode falar.
45,C,045:e0075,512,Ministro Paulo Teixeira,Coronel Chrisóstomo,pergunta_intercalada,A-X-A,False,False,False,True,238712,"Temos na Amazônia, em Rondônia, o problema de embargos de áreas. V.Exa. tem conhecimento disso?"
45,C,045:e0076,516,Ministro Paulo Teixeira,Coronel Chrisóstomo,pergunta_intercalada,A-X-A,False,False,False,True,240339,O senhor está falando do Confúcio Moura?
45,C,045:e0077,518,Ministro Paulo Teixeira,Coronel Chrisóstomo,pergunta_intercalada,A-X-A,False,False,False,True,240780,O senhor tem conhecimento de que o problema da regularização fundiária é um problema de recursos?
45,C,045:e0078,523,Coronel Chrisóstomo,Ministro Paulo Teixeira,pergunta_intercalada,A-X-A,False,False,False,True,242677,"Aí, Deputado Coronel Chrisóstomo, a questão é diferente. O senhor disse assim:""Se eu passar um dinheiro para você, você põe?""E eu disse:""Sim"". Nesse caso, o senhor não está passando."
46,C,046:e0001,2,Daniela Martins,Zé Silva,intercalacao,A-X-A,True,False,False,True,23063,Sim. Vou ouvir até o final.
47,C,047:e0001,13,Max Maciel,Thiago Rocha Leandro,intercalacao,A-X-A,False,False,False,True,30196,É um valor.
47,C,047:e0002,17,Fernanda Morgani,Alfredinho,tecnica,A-X-A,True,True,False,True,36073,O microfone está fechado. Nós não estamos ouvindo a senhora.
47,C,047:e0003,23,Fernanda Morgani,Alfredinho,intercalacao,A-X-A,True,False,False,True,36953,Deu problema de novo.
48,M,048:e0001,10,Glauco Barreira,Fernando Rodolfo,gestao_tempo,A-X-A,True,True,False,True,45275,"Prof. Glauco, peço a V.Exa. que conclua, pois seu tempo já se encerrou."
48,M,048:e0002,18,Simone Feres,Fernando Rodolfo,gestao_tempo,A-X-A,True,True,False,True,78337,A senhora pode concluir. Fique à vontade.
48,M,048:e0003,23,Marisa Lobo Franco Ferreira Alves,plateia/desconhecido,manifestacao_plateia,A-X-A,True,True,True,True,85319,"Pessoal, eu peço silêncio, para que ela consiga concluir a fala. Muito obrigado."
48,M,048:e0004,25,Marisa Lobo Franco Ferreira Alves,plateia/desconhecido,manifestacao_plateia,A-X-A,True,True,True,True,87273,Eu vou pedir silêncio mais uma vez. O tempo da convidada já está quase acabando. Todos os convidados foram respeitados. Eu peço que ela também seja respeitada.
48,M,048:e0005,27,Marisa Lobo Franco Ferreira Alves,plateia/desconhecido,manifestacao_plateia,A-X-A,True,False,False,False,88959,Pare o tempo dela de novo.(Manifestação na plateia.) (Não identificado)- Uma mulher que diz ser homofóbica e LGBTfóbica(ininteligível).
48,M,048:e0006,32,Marisa Lobo Franco Ferreira Alves,Fernando Rodolfo,gestao_tempo,A-X-A,True,True,False,True,90928,"Peço que conclua, Doutora."
48,M,048:e0007,34,Marisa Lobo Franco Ferreira Alves,Fernando Rodolfo,gestao_tempo,A-X-A,True,True,False,True,92101,"Peço que conclua, Doutora."
48,M,048:e0008,46,Chico Alencar,Fernando Rodolfo,gestao_tempo,A-X-A,True,True,False,True,110634,"Deputado, peço que conclua."
48,M,048:e0009,65,Eli Borges,Fernando Rodolfo,gestao_tempo,A-X-A,True,True,False,True,155707,"Conclua, Deputado."
48,M,048:e0010,79,Glauco Barreira,Fernando Rodolfo,gestao_tempo,A-X-A,True,True,False,True,164442,"Peço que conclua, professor."
48,M,048:e0011,8,Fábio Félix,plateia,manifestacao_plateia,marca_editorial_plateia,False,False,False,True,30780,"rmário e não vamos nos esquecer daqueles que estão sujando o seu nome na história política brasileira, aprovando este tipo de matéria. Muito obrigado.(Palmas.)(Manifestação na plateia: Eu amo homem, amo mulher! Tenho o direito de amar quem eu quiser! Arquiva, Presidente! Arquiva, Presidente!)"
48,M,048:e0012,14,Adriana Carla,plateia,manifestacao_plateia,marca_editorial_plateia,False,False,False,True,57524,"e drogas e já é viciada em cocaína. Cuidem desses problemas e nos deixem em paz!(Palmas.) Deixem as nossas famílias em paz! Obrigada, Sr. Presidente.(Palmas.)(Manifestação na plateia: Eu, como homem ou como mulher, tenho o direito de amar quem eu quiser!)"
48,M,048:e0013,23,Marisa Lobo Franco Ferreira Alves,plateia,manifestacao_plateia,marca_editorial_plateia,False,True,True,True,85291,"houve qualquer decisão judicial contra o pastor, mas a mera acusação ilegalmente infundada lhe causou danos emocionais, perturbou sua vida, afetou sua rotina...(Manifestação na plateia.)"
48,M,048:e0014,25,Marisa Lobo Franco Ferreira Alves,plateia,manifestacao_plateia,marca_editorial_plateia,False,True,True,True,85618,"Direitos humanos não podem ser usados como bandeira das minorias contra as maiorias. Direitos humanos são para todas as pessoas.(Manifestação na plateia.) Obrigada. Eu me acho linda. Disse o pastor:""Começaram a entrar no perfil da minha empresa para me xingar, insultar, incriminar, chamando-me de homofóbico. No"
48,M,048:e0015,25,Marisa Lobo Franco Ferreira Alves,plateia,manifestacao_plateia,marca_editorial_plateia,False,True,True,True,85618,"das redes sociais de um vídeo contendo trechos de uma pregação feita por um pastor americano que veio pregar aqui numa União de Mocidade da Assembleia de Deus.(Manifestação na plateia.) Eu gostaria de silêncio, por favor, Deputado."
48,M,048:e0016,27,Marisa Lobo Franco Ferreira Alves,plateia,manifestacao_plateia,marca_editorial_plateia,False,True,True,True,88293,"je estão querendo nos obrigar a abrir mão da própria consciência — estou falando da consciência — de não realizar, dentro da igreja, um casamento homossexual...(Manifestação na plateia.) Conte mais tempo para mim, por favor.(Manifestação na plateia.) Não é verdade. É impossível tirar direitos conquistados. Esses direitos foram bons. Eu concor"
48,M,048:e0017,27,Marisa Lobo Franco Ferreira Alves,plateia,manifestacao_plateia,marca_editorial_plateia,False,True,True,True,88293,"— estou falando da consciência — de não realizar, dentro da igreja, um casamento homossexual...(Manifestação na plateia.) Conte mais tempo para mim, por favor.(Manifestação na plateia.) Não é verdade. É impossível tirar direitos conquistados. Esses direitos foram bons. Eu concordo com todos esses direitos. O que nós estamos trazendo aqui é u"
48,M,048:e0018,27,Marisa Lobo Franco Ferreira Alves,plateia,manifestacao_plateia,marca_editorial_plateia,False,True,True,True,88293,"ejas. Por quê? É objeção de consciência! É lei! São direitos humanos! Dentro da Igreja, um pastor não pode ser obrigado a casar uma pessoa. Aí você diz assim...(Manifestação na plateia.) O senhor está contando o tempo? Eu quero mais tempo."
48,M,048:e0019,27,Marisa Lobo Franco Ferreira Alves,plateia,manifestacao_plateia,marca_editorial_plateia,False,True,True,True,89031,Pare o tempo dela de novo.(Manifestação na plateia.) (Não identificado)- Uma mulher que diz ser homofóbica e LGBTfóbica(ininteligível).
48,M,048:e0020,32,Marisa Lobo Franco Ferreira Alves,plateia,manifestacao_plateia,marca_editorial_plateia,False,False,False,True,90900,"rar esse direito. Foi uma desonestidade intelectual tudo que eu ouvi aqui de pessoas inteligentes, que manipularam o discurso e o próprio projeto. Não existe...(Manifestação na plateia.)"
48,M,048:e0021,44,Pastor Henrique Vieira,plateia,manifestacao_plateia,marca_editorial_plateia,False,False,False,True,106549,"e as pessoas só querem existir sem medo, dar as mãos e ter o seu casamento civil reconhecido pelo Estado. Peço bom senso. Vamos arquivar esse projeto!(Palmas.)(Manifestação na plateia: Arquiva! Arquiva! Arquiva!)"
48,M,048:e0022,52,Erika Kokay,plateia,manifestacao_plateia,marca_editorial_plateia,False,False,False,True,125146,"ersidade, a afetividade, a condição de sujeito, o direito de amar, o direito de ser e o direito à cidade. Arquiva, arquiva e arquiva, em nome da vida!(Palmas.)(Manifestação na plateia: Arquiva! Arquiva! Arquiva!)"
48,M,048:e0023,54,Pr. Marco Feliciano,plateia,manifestacao_plateia,marca_editorial_plateia,False,True,True,True,128238,"ue aconteceu conosco não foi democracia. Um dos Ministros do STF — eu não vou citar o nome aqui porque, confesso, hoje tenho medo de ser preso — disse em uma...(Manifestação na plateia.) Isso, podem rir, podem rir. Hoje é conosco; amanhã pode ser com vocês, porque a roda gira. A política é como um pêndulo: hoje ela esbarra na extrema Esquerda;"
48,M,048:e0024,54,Pr. Marco Feliciano,plateia,manifestacao_plateia,marca_editorial_plateia,False,True,True,True,128238,"arem. Eu sou um cristão, eu tenho minha família. A minha família nunca sofreu tanto na vida como com a perseguição sofrida pelo movimento que vocês representam.(Manifestação na plateia.) Sr. Presidente, eu tenho três filhas. Uma delas teve que ser tirada da faculdade porque um professor dela, esquerdista como vocês, progressista, simplesmente"
48,M,048:e0025,54,Pr. Marco Feliciano,plateia,manifestacao_plateia,marca_editorial_plateia,False,True,True,True,128238,"irada da faculdade porque um professor dela, esquerdista como vocês, progressista, simplesmente contou para a escola inteira que ela era filha do Pr. Feliciano.(Manifestação na plateia.) Vamos lá, gritem, podem gritar! Filmem tudo isso, porque eu vou editar e mostrar para o Brasil quem são vocês, o grupo mais cruel que existe na história. Não"
48,M,048:e0026,54,Pr. Marco Feliciano,plateia,manifestacao_plateia,marca_editorial_plateia,False,False,False,True,128238,"aqui agora. Isso é ditadura de uma minoria que só sabe gritar. A família brasileira, a família civilizatória merece respeito. Muito obrigado, Sr. Presidente.(Manifestação na plateia.)"
48,M,048:e0027,60,Pr. Marco Feliciano,plateia,manifestacao_plateia,marca_editorial_plateia,False,True,True,True,141168,"bém, em questão humana, minha solidariedade a todas as crianças que daqui a alguns dias vão ser assassinadas no ventre da mãe. Até o terceiro mês de gravidez...(Manifestação na plateia.) É questão humanizada. É uma questão humana. Está vendo, Sr. Presidente? Só existe humanidade para um lado desse pensamento. Minha solidariedade às crianças!"
48,M,048:e0028,63,Pastor Henrique Vieira,plateia,manifestacao_plateia,marca_editorial_plateia,False,False,False,True,152366,"cia Militar e o Ministério da Justiça, porque queriam ""limpar"" a UFF de ""gays, travecos e vadias estupráveis"". Não precisamos estimular isso aqui, não!(Palmas.)(Manifestação na plateia: Arquiva! Arquiva! Arquiva!)"
48,M,048:e0029,65,Eli Borges,plateia,manifestacao_plateia,marca_editorial_plateia,False,True,True,True,154350,"o objetivo era unicamente me vaiar. Depois eu comecei a observar as coisas e vi movimentos nesse nível ganhando a Avenida Paulista. Usavam imagens de religião.(Manifestação na plateia. Risos.) Depois eu tive a percepção de que esses fatos se repetiram não só lá. E eu fiquei me perguntando, depois de ouvir tantas falas, seja na Comissão, seja no Plen"
48,M,048:e0030,67,Eli Borges,plateia,manifestacao_plateia,marca_editorial_plateia,False,True,True,True,156985,"íblica, científica e biológica, mas em nenhum momento eu aceito discriminar ninguém. Está aqui o Deputado Duda. O que fizeram com o senhor fizeram de maneira...(Manifestação na plateia.) Está bem. Os senhores querem que eu diga a Deputada Duda? Vejam a expressão facial dos senhores!(Manifestação na plateia.) (Não identificado)- Transfóbico! T"
48,M,048:e0031,67,Eli Borges,plateia,manifestacao_plateia,marca_editorial_plateia,False,True,True,True,156985,m com o senhor fizeram de maneira...(Manifestação na plateia.) Está bem. Os senhores querem que eu diga a Deputada Duda? Vejam a expressão facial dos senhores!(Manifestação na plateia.) (Não identificado)- Transfóbico! Transfóbico! Respeite a Deputada Federal eleita! Respeite! Transfóbico! Isso é crime! O senhor é um criminoso!
48,M,048:e0032,72,Eli Borges,plateia,manifestacao_plateia,marca_editorial_plateia,False,True,True,True,158160,"ou como eles agem. Quando eu, de maneira educada... Só porque eu troquei uma palavra, ""o Deputado"", ""a Deputada"", ela já partiu para uma agressão de alto nível.(Manifestação na plateia.) Presidente, eu quero agora o direito regimental da fala, por favor! Se não sabe vir a este Parlamento, se não sabe respeitar um Parlamentar, fique em casa, po"
48,M,048:e0033,72,Eli Borges,plateia,manifestacao_plateia,marca_editorial_plateia,False,True,True,True,158443,"amento, se não sabe respeitar um Parlamentar, fique em casa, porque você é que tem discurso de ódio, você é simplesmente heterofóbica. Respeite este Parlamento.(Manifestação na plateia. Risos.) Presidente, resgate para mim uns 30 segundos."
48,M,048:e0034,77,Eli Borges,plateia,manifestacao_plateia,marca_editorial_plateia,False,False,False,True,161013,"u lamento, mas respeito a todos, porque é meu dever cristão respeitá-los. Que Deus abençoe esta Nação e que Deus abençoe a visão que eu tenho deste Parlamento!(Manifestação na plateia: Arquiva! Arquiva! Arquiva!)"
48,M,048:e0035,89,Marisa Lobo Franco Ferreira Alves,plateia,manifestacao_plateia,marca_editorial_plateia,False,True,True,True,171289,"o que esse projeto queira tirar direitos de ninguém. Se esse projeto quer tirar um direito já conquistado, eu sou contra esse direito que está sendo retirado...(Manifestação na plateia.)...porque eu tenho certeza de que não foi isso que me foi dito, não foi isso que eu li, não foi esse o projeto. Parece-me que vocês estão debatendo um projeto q"
48,M,048:e0036,22,Marisa Lobo Franco Ferreira Alves,não identificado,fala_anonima,cabecalho_nao_identificado,False,True,True,True,79462,"Mas não foi você que defendeu a ""curagay""?"
48,M,048:e0037,27,Marisa Lobo Franco Ferreira Alves,não identificado,fala_anonima,cabecalho_nao_identificado,False,True,True,True,89059,Uma mulher que diz ser homofóbica e LGBTfóbica(ininteligível).
48,M,048:e0038,67,Eli Borges,não identificado,fala_anonima,cabecalho_nao_identificado,False,True,True,True,157137,Transfóbico! Transfóbico! Respeite a Deputada Federal eleita! Respeite! Transfóbico! Isso é crime! O senhor é um criminoso!
49,C,049:e0001,5,Rafael Vitale Rodrigues,Daniela Reinehr,procedimento,A-X-A,True,False,False,True,24966,Fique à vontade.
50,C,050:e0001,6,Veriano de Souza Terto Junior,Daiana Santos,intercalacao,A-X-A,True,False,False,True,19256,"Sim, já está visível."
50,C,050:e0002,10,Veriano de Souza Terto Junior,Daiana Santos,intercalacao,A-X-A,True,False,False,True,20496,"Fique tranquilo, Veriano. Vai se organizando, estamos aguardando aqui."
51,C,051:e0001,2,Alexandre Brasil Carvalho da Fonseca,Lídice da Mata,gestao_tempo,A-X-A,True,True,False,True,6618,Dez minutos. Temos um relógio marcando ali.
51,C,051:e0002,29,Aldenize Ruela Xavier,Lídice da Mata,intercalacao,A-X-A,True,False,False,True,97074,"Por favor, complete seu raciocínio."
53,M,053:e0001,54,Intérprete,Erika Kokay,gestao_tempo,A-X-A,True,True,False,True,103980,"Muito obrigada, Luérgio. Vou passar a palavra à Renata Rezende, que é do Festival de Cultura para Surdos, para que faça suas considerações finais pelo tempo de 1 minuto. A SRA. RENATA REZENDE-(Manifestação em LIBRAS.)"
53,M,053:e0002,2,Márcio Jerry,não identificado,fala_anonima,cabecalho_nao_identificado,False,True,True,True,3032,Presidente...
55,C,055:e0001,36,Thaíse Antunes,Professora Luciene Cavalcante,intercalacao,A-X-A,True,False,False,True,114825,"Ela está, sim. É a Cláudia."
57,C,057:e0001,11,Daniel Cara,Ana Paula Lima,tecnica,A-X-A,True,True,False,True,44139,Vamos ver o que está havendo com o som do Prof. Daniel.
58,M,058:e0001,6,Carmen Emília Bonfá Zanotto,Geraldo Resende,intercalacao,A-X-A,True,False,False,True,13664,"Deputada Carmen Zanotto, eu vou fazer uma pequena interrupção, para chamar a nossa Presidente a que tome o seu lugar aqui na Mesa. E eu volto para a planície, que lá é meu lugar."
58,M,058:e0002,21,João Rocha Vilela,Soraya Santos,intercalacao,A-X-A,True,False,False,True,57342,"Nós ficamos muito felizes, João. É lógico que todos vocês que estão aqui vão ser demandados até com outros questionamentos. Eu acho que são essas experiências que precisamos discutir, respeitadas as realidades regionais, volto a dizer."
58,M,058:e0003,48,João Rocha Vilela,Soraya Santos,intercalacao,A-X-A,True,False,False,True,78946,"João, na esteira do que você está colocando, o Secretário Luizinho abre dizendo que o primeiro ponto de violência é justamente a mulher desconhecer todos esses problemas."
60,M,060:e0001,6,José Mangione,Dr. Zacharias Calil,tecnica,A-X-A,True,True,False,True,12564,Tinha dado certo aqui. Deu certo! Está na tela!
60,M,060:e0002,22,Maíra Batista Botelho,Fernanda de Carvalho,intercalacao,A-X-A,False,False,False,True,57688,"Senhora, não estamos vendo os eslaides."
60,M,060:e0003,46,Alexandre Kalache,Maíra Batista Botelho,procedimento,A-X-A,False,False,False,True,61281,"Muito obrigada, doutor."
61,C,061:e0001,2,Marcos Borges de Castro,Sidney Leite,intercalacao,A-X-A,True,False,False,True,2810,"Desculpe-me, Marcos, mas é a primeira vez que ouço isto:""Acordou com COVID"".(Risos.)"
61,C,061:e0002,6,Patrícia Gomes,Sidney Leite,intercalacao,A-X-A,True,False,False,True,10374,Pode continuar.
61,C,061:e0003,18,Vitor Lippi,Sidney Leite,pergunta_intercalada,A-X-A,True,False,False,True,39892,"A COVID mostrou isso para nós, não é, Deputado Vitor?"
62,C,062:e0001,17,Marcia Cruz,Rejane Dias,gestao_tempo,A-X-A,True,True,False,True,24578,"Dra. Marcia, desculpe-me a interrupção, está sendo muito importante a sua exposição, mas quero lembrá-la do tempo. Obrigada."
63,M,063:e0001,6,Élder Ximenes Filho,plateia,plateia_solicitada,marca_editorial_plateia,False,False,False,True,28571,"a. O pessoal já está marcando outro. Para fazer festa, não precisa ter data, é só ter vontade. Quem aqui tem 80 anos que nem meu pai? Ninguém? Alguém tem mais?(Manifestação na plateia.) Olha que maravilha! Está juntinho dele. Esta Bandeira Nacional pertence mais à senhora do que a mim ou à Vejuse ou ao Deputado, sabia? O Deputado aqui é bem"
64,C,064:e0001,8,Gervásio Maciel,Rodrigo Coelho,intercalacao,A-X-A,True,False,False,True,23527,"Nós é que lhe agradecemos, Prefeito Gervásio, pela sua gentileza. Se o senhor não falasse que tinha 80 anos, eu iria dizer que tinha 60."
66,C,066:e0001,2,Mario Avelino,Paulo Ramos,intercalacao,A-X-A,True,False,False,True,6148,Sim.
66,C,066:e0002,18,Mario Avelino,Paulo Ramos,intercalacao,A-X-A,True,False,False,True,64481,"Na verdade, a ""pejotização"" foi uma forma de desonerar."
66,C,066:e0003,24,Maria Henriqueta Arantes Ferreira Alves,Paulo Ramos,intercalacao,A-X-A,True,False,False,True,67314,"Dra. Henriqueta, agora eu vou retirar as observações que eu fiz.(Risos.)"
68,C,068:e0001,27,Patrícia Peres de Souza,Vanessa Pirolo,intercalacao,A-X-A,False,False,False,True,62264,"É preciso envolver os outros segmentos, como a SCTIE, a CONITEC e os demais envolvidos."
68,C,068:e0002,32,Marcos Ávila,Vanessa Pirolo,intercalacao,A-X-A,False,False,False,True,64444,"Dr. Marcos, podemos incluí-la na nossa reunião com a Patrícia, sem problema. A Patrícia faz essa ponte com todos eles. Eu tenho o contato do CONASS, do CONASEMS, de todos. Podemos fazer uma reunião com todos, sem problema."
71,C,071:e0001,27,Eduardo Costa Pinto,Rogério Correia,intercalacao,A-X-A,True,False,False,True,94080,"Muito bem, Prof. Eduardo. Agradeço muito. Sobre essa distribuição de dividendos superiores ao que teve de lucro, acho que isso ocorreu uma vez..."
71,C,071:e0002,2,Eric Marcos Futino,Rogério Correia,tecnica,verbo_interromper,False,True,False,True,6841,"Dr. Eric, só um minuto. Desculpe interrompê-lo. A apresentação não está passando. Nós estamos na primeira tela."
72,C,072:e0001,19,Adésio de Brito,Rogério Correia,pergunta_intercalada,A-X-A,True,False,False,True,80551,"Adésio, foi o Ministério do Trabalho que descobriu vocês lá? Foi através de alguma denúncia?"
72,C,072:e0002,29,Adésio de Brito,Rogério Correia,pergunta_intercalada,A-X-A,True,False,False,True,82054,"Dessa vez, agora, foram 22 dias. Mas vocês trabalharam por 4 anos nessa labuta toda?"
72,C,072:e0003,64,Adésio de Brito,Rogério Correia,intercalacao,A-X-A,True,False,False,True,86718,"Se não houvesse fiscalização, nada de fichar vocês."
72,C,072:e0004,87,Adésio de Brito,Lucas Reis da Silva,pergunta_intercalada,A-X-A,False,False,False,True,91576,"E o salário, Adésio, como era?"
72,C,072:e0005,101,Jorge Ferreira dos Santos Filho,Rogério Correia,pergunta_intercalada,A-X-A,True,False,False,True,100134,"Congelou a imagem do Jorge, pessoal, para todos? Jorge, se estiver escutando... A sua imagem voltou, Jorge. Ela tinha congelado, mas voltou."
74,M,074:e0001,29,Ana Maria Villa Real Ferreira Ramos,Célio Moura,intercalacao,A-X-A,True,False,False,True,92072,Eu me lembro da senhora.
75,C,075:e0001,20,Rosângela Silva Rassy,Bia Kicis,gestao_tempo,A-X-A,True,True,False,True,47688,Obrigada. Vai começar a Ordem do Dia e eu vou ter que me retirar. Há uma medida provisória muito importante para ser votada hoje. Vou precisar que se atentem ao tempo.
75,C,075:e0002,28,Adriana Barufaldi Bertoldi,Bia Kicis,gestao_tempo,A-X-A,True,True,False,True,59176,"Só um minutinho, quero apenas fazer um aviso. Como a próxima convidada Fernanda lhe passou 3 minutos do tempo dela, a senhora pode falar por mais 3 minutos."
75,C,075:e0003,42,Erika Morreale Diniz,Bia Kicis,gestao_tempo,A-X-A,True,True,False,True,86212,Peço que encerre.
78,C,078:e0001,13,Henrique Jager,Enio Verri,intercalacao,A-X-A,True,False,False,True,12380,Obrigado.
78,C,078:e0002,19,Henrique Jager,Enio Verri,intercalacao,A-X-A,True,False,False,True,13000,Claro.
78,C,078:e0003,23,Henrique Jager,Enio Verri,intercalacao,A-X-A,True,False,False,True,32638,"Quando o senhor me avisa que isso ocorrerá um pouco mais à frente, eu peço que se preocupe um pouco mais com o horário, por favor."
79,C,079:e0001,4,Mauro Silva,Felipe Rigoni,gestao_tempo,A-X-A,True,True,False,True,11000,"Falta 1 minuto, Mauro."
79,C,079:e0002,15,Alberto Macedo,Felipe Rigoni,gestao_tempo,A-X-A,True,True,False,True,42283,"Por favor, conclua."
79,C,079:e0003,17,Alberto Macedo,Felipe Rigoni,gestao_tempo,A-X-A,True,True,False,True,43090,"Alberto, eu preciso que você conclua sua fala."
79,C,079:e0004,37,Edson Vismona,Felipe Rigoni,gestao_tempo,A-X-A,True,True,False,True,82262,"Edson, peço a você que encaminhe esse estudo hoje, porque estamos terminando esse processo aqui. Então, é importante que você o envie o quanto antes."
80,C,080:e0001,20,Maria Regina Reis,Augusto Coutinho,intercalacao,A-X-A,True,False,False,True,41973,"Agradeço à Maria Regina, que inclusive é consultora da Casa. Ela se aposentou, mas nem parece que tem idade para isso."
81,C,081:e0001,31,Amália Borsari,Bosco Costa,tecnica,A-X-A,True,True,False,True,60810,"Amália, queria interrompê-la um pouquinho. A sua apresentação não está sendo compartilhada."
82,C,082:e0001,16,Francisco Paulo Jorge Pinto,Erika Kokay,intercalacao,A-X-A,True,False,False,True,28884,Está devidamente corrigido.
84,M,084:e0001,12,Débora Vigevani,Erika Kokay,intercalacao,A-X-A,True,False,False,True,51983,Está ótimo.
86,C,086:e0001,29,Gesner José de Oliveira Filho,Evair Vieira de Melo,intercalacao,A-X-A,True,False,False,True,90640,A falta e o excesso.
86,C,086:e0002,33,Gesner José de Oliveira Filho,Evair Vieira de Melo,intercalacao,A-X-A,True,False,False,True,99708,"Gesner, é uma alegria estar à mesa ao seu lado, dada a sua experiência, não só o seu currículo, na Presidência da SABESP. Os últimos leilões de água de reúso..."
86,C,086:e0003,41,Gesner José de Oliveira Filho,Evair Vieira de Melo,intercalacao,A-X-A,True,False,False,True,102191,"No nosso caso, foi de 2014 a 2017."
86,C,086:e0004,55,Guilherme Soria Bastos Filho,Evair Vieira de Melo,intercalacao,A-X-A,True,False,False,True,112278,"Se você enviar para a Comissão o conteúdo, conseguimos, sim."
87,C,087:e0001,47,Delegado Caveira,Josenildo,gestao_tempo,A-X-A,True,True,False,True,105100,"Deputado, V.Exa. dispõe de 1 minuto para concluir."
87,C,087:e0002,68,Leandro da Cruz Medeiros,Josenildo,gestao_tempo,A-X-A,True,True,False,True,153233,"Peço que conclua, Leandro."
87,C,087:e0003,81,Marlon Luz,plateia/desconhecido,manifestacao_plateia,A-X-A,True,True,True,True,181502,"Gente, vamos garantir o silêncio, por favor, porque o Vereador está falando."
87,C,087:e0004,83,Marlon Luz,Josenildo,gestao_tempo,A-X-A,True,True,False,True,182192,O senhor tem 30 segundos para concluir.
87,C,087:e0005,85,Marlon Luz,Josenildo,gestao_tempo,A-X-A,True,True,False,True,182882,"Vereador, já se passaram 5 segundos do seu tempo."
87,C,087:e0006,91,Aderson Ribeiro da Silva,Josenildo,gestao_tempo,A-X-A,True,True,False,True,186623,"Conclua, Aderson."
87,C,087:e0007,93,Aderson Ribeiro da Silva,Josenildo,gestao_tempo,A-X-A,True,True,False,True,186990,"Conclua, Aderson!"
87,C,087:e0008,100,Fausto Augusto Junior,Josenildo,gestao_tempo,A-X-A,True,True,False,True,191148,"Conclua, por favor."
87,C,087:e0009,104,Denis Moura,Josenildo,intercalacao,A-X-A,True,False,False,True,192984,Não há problema.
87,C,087:e0010,134,Ministro Luiz Marinho,Denis Moura,intercalacao,A-X-A,False,False,False,True,231099,Entendi.
87,C,087:e0011,136,Ministro Luiz Marinho,Denis Moura,intercalacao,A-X-A,False,False,False,True,231546,Caramba.
87,C,087:e0012,148,Aderson Ribeiro da Silva,Josenildo,gestao_tempo,A-X-A,True,True,False,True,239776,"Está bem, Aderson. Vamos lá, vamos encerrar por aqui. Aderson, já está bom. Mantenha a calma."
87,C,087:e0013,25,Alexandre Lindenmeyer,plateia,manifestacao_plateia,marca_editorial_plateia,False,True,True,True,72962,"esentes. Eu queria dar ênfase em que temos que ressaltar o fato de que o Governo Federal propiciou este debate. Poderia ficar numa situação extremamente cômoda(manifestação na plateia), esperando os mais de 80 projetos de lei que tramitam sem solução há vários anos nesta Casa Legislativa.O Governo poderia ficar esperando a solução dos process"
87,C,087:e0014,52,Delegado Caveira,plateia,manifestacao_plateia,marca_editorial_plateia,False,True,True,True,106406,"ue começar do zero. Isso aqui é um lixo. Isso tem que ser jogado no lixo. Converse com os motoristas de aplicativo. Dê medalha uma eles, porque eles são heróis.(Manifestação na plateia.)"
88,C,088:e0001,10,Fábio Guedes Gomes,Angela Amin,intercalacao,A-X-A,True,False,False,True,49388,Agradeço as palavras do Dr. Fábio Guedes...
88,C,088:e0002,14,Fernando Peregrino,Angela Amin,intercalacao,A-X-A,True,False,False,True,52276,"Há, sim. Nós temos muitos ciúmes.(Risos.)"
88,C,088:e0003,18,Fernando Peregrino,Angela Amin,intercalacao,A-X-A,True,False,False,True,54656,O senhor é um agregado.
88,C,088:e0004,20,Fernando Peregrino,Angela Amin,intercalacao,A-X-A,True,False,False,True,55533,Dar garantia à vida.
88,C,088:e0005,26,Alvaro Toubes Prata,Angela Amin,intercalacao,A-X-A,True,False,False,True,59629,Pela nossa universidade.
89,M,089:e0001,6,Julissa Mantilla Falcón,Rejane Dias,gestao_tempo,A-X-A,True,True,False,True,24144,Eu concedo mais tempo para a senhora. Fique à vontade.
90,M,090:e0001,16,Alexandre Montrimas,Roberto Alves,pergunta_intercalada,A-X-A,True,False,False,True,32265,Você trabalha com o Marco Aurélio?
90,M,090:e0002,20,Alexandre Montrimas,Roberto Alves,pergunta_intercalada,A-X-A,True,False,False,True,36254,"Alexandre, eu quero aproveitar a sua fala. Você acredita que os falsos técnicos ou olheiros denigrem o futebol brasileiro? Você acredita que a profissionalização dos olheiros vai diminuir os casos de abuso e assédio sexual no esporte?"
90,M,090:e0003,32,Marcia de Andrade Angelo Bueno,Roberto Alves,intercalacao,A-X-A,True,False,False,True,42990,Estamos ouvindo. Estamos ouvindo e vendo a senhora.
90,M,090:e0004,45,Luísa Carvalho Rodrigues,Roberto Alves,pergunta_intercalada,A-X-A,True,False,False,True,56873,"A senhora pode, por gentileza, repetir osite?"
90,M,090:e0005,70,Marcia de Andrade Angelo Bueno,Roberto Alves,intercalacao,A-X-A,True,False,False,True,76122,"Eu lhe agradeço a participação. Leve meu abraço a todo o povo paranaense, em especial ao grupo de ginástica artística."
90,M,090:e0006,74,Luciana Neder,Roberto Alves,pergunta_intercalada,A-X-A,True,False,False,True,77346,Estou vendo aí várias medalhas. Elas são suas?
91,C,091:e0001,7,Davi Antunes Lima,Danilo Forte,intercalacao,A-X-A,True,False,False,True,24012,"Quem passa sou eu. Você ainda não preside esta sessão, não. Quem preside a sessão sou eu, Davi. Calma!(Risos.)"
91,C,091:e0002,35,Márcia Sandra Roque Vieira Silva,Danilo Forte,tecnica,A-X-A,True,True,False,True,48710,"Márcia, a sua apresentação está congelada na imagem da capa, aliás, muito parecida com a capa da apresentação anterior. Até a logomarca é igual."
91,C,091:e0003,38,Márcia Sandra Roque Vieira Silva,Danilo Forte,gestao_tempo,A-X-A,True,True,False,True,52309,"Márcia, vamos nos ater ao problema da conta, porque o tempo está passando. Eu quero saber como se dá a equação do preço. A Enel já conhecemos. Quero saber como se dá a formação do preço. Vamos lá."
91,C,091:e0004,57,Márcio Caires,Danilo Forte,gestao_tempo,A-X-A,True,True,False,True,87028,"Márcio, acabou o seu tempo. O senhor pode concluir?"
91,C,091:e0005,65,Marcos Madureira,não identificado,fala_anonima,cabecalho_nao_identificado,False,True,True,True,104115,"Madureira, deixe-me interrompê-lo. Não está passando a apresentação. A tela está com o mesmo problema que a da Márcia. Nós estamos no eslaide número 2 ainda."
91,C,091:e0006,72,Marcos Madureira,não identificado,fala_anonima,cabecalho_nao_identificado,False,True,True,True,106210,"Madureira, não estamos vendo. A apresentação está na tela dos ""80%"" de novo."
93,C,093:e0001,4,Maria Leopoldina Veras Camelo,Flávia Morais,intercalacao,A-X-A,True,False,False,True,17087,Claro.
93,C,093:e0002,8,Francisco Aparecido Cordão,Flávia Morais,tecnica,A-X-A,True,True,False,True,31658,"Nós que agradecemos, Sr. Francisco Cordão, pela contribuição. Com certeza, ela será analisada pela Comissão. Nós a olharemos com muito carinho. Se o senhor puder disponibilizá-la também por escrito para a Comissão, será muito importante. Agradecemos muito a apresentação presencial."
94,M,094:e0001,4,Telma Sá Nascimento,Erika Kokay,intercalacao,A-X-A,True,False,False,True,9985,"Pode fazer, Telma."
94,M,094:e0002,6,Telma Sá Nascimento,Erika Kokay,gestao_tempo,A-X-A,True,True,False,True,10515,Já acabou o seu tempo. Você poderia concluir.
95,C,095:e0001,16,Vanessa Negrini,Zé Silva,tecnica,A-X-A,True,True,False,True,57235,"Vanessa, se eu puder, vou consultar os universitários. Alguém arrisca? Vou abrir o microfone; vamos fazer uma audiência interativa. Esta Comissão aqui é participativa.(Risos.) Alguém arrisca?"
95,C,095:e0002,22,Vanessa Negrini,Zé Silva,gestao_tempo,A-X-A,True,True,False,True,60294,"Falta 1 minuto, Vanessa."
96,M,096:e0001,4,Cybelle Fraga,Fábio Trad,gestao_tempo,A-X-A,True,True,False,True,32786,"Cybelle, você tem mais 2 minutos."
96,M,096:e0002,10,Benjamim Vale,Fábio Trad,intercalacao,A-X-A,True,False,False,True,37782,"Sim, estamos ouvindo."
96,M,096:e0003,15,Yuri Maia,Benjamim Vale,pergunta_intercalada,A-X-A,False,False,False,True,38638,O.k.?
96,M,096:e0004,26,Cybelle Fraga,Fábio Trad,intercalacao,A-X-A,True,False,False,True,65929,"Exatamente, fique à vontade para responder."
96,M,096:e0005,44,Eduardo Barbosa,Fábio Trad,intercalacao,A-X-A,True,False,False,True,96982,"Sim, estamos ouvindo, Deputado Eduardo."
97,C,097:e0001,1,Vicentinho,não identificado,fala_anonima,cabecalho_nao_identificado,False,True,True,True,2017,Estamos ao vivo!
98,C,098:e0001,2,George Lodder,Luis Miranda,pergunta_intercalada,A-X-A,True,False,False,True,10161,"Sr. George, apenas para contribuir. Causou interesse em todos nós aqui, inclusive nos Parlamentares. O número está correto, é o PL 5.541/20?"
98,C,098:e0002,24,Jonas Antunes Couto,Luis Miranda,procedimento,A-X-A,True,False,False,True,60782,Fique à vontade.
98,C,098:e0003,32,Thiago Tavares Nunes de Oliveira,Luis Miranda,gestao_tempo,A-X-A,True,True,False,True,87951,"Thiago, peço que conclua, por favor."
98,C,098:e0004,34,Thiago Tavares Nunes de Oliveira,Luis Miranda,tecnica,A-X-A,True,True,False,True,90042,"Thiago, o senhor poderia encaminhar a apresentação para a Comissão e para quem nos acompanha."
99,M,099:e0001,24,Intérprete,Jamal Naim,intercalacao,A-X-A,False,False,False,True,46591,
99,M,099:e0002,26,Intérprete,Jamal Naim,intercalacao,A-X-A,False,False,False,True,48451,
99,M,099:e0003,28,Intérprete,Jamal Naim,intercalacao,A-X-A,False,False,False,True,51562,
99,M,099:e0004,42,Breno Altman,Glauber Braga,gestao_tempo,A-X-A,True,True,False,True,73238,Peço que conclua.
99,M,099:e0005,80,Gilvan da Federal,Abilio Brunini,intercalacao,A-X-A,True,False,False,True,146510,Ninguém vai agredi-lo.
99,M,099:e0006,7,Padre João,plateia,manifestacao_plateia,marca_editorial_plateia,False,True,True,True,11181,"(palmas); Dra. Clarita Costa Maia, Presidente da Comissão de Relações Internacionais da OAB (palmas). Anuncio a presença do Deputado Federal Gilvan da Federal.(Manifestação na plateia.) Deputado Gilvan da Federal, por favor. Deputado Gilvan da Federal, V.Exa. veio aqui participar de uma audiência sabendo do objeto desta audiência.(Manifestaçã"
99,M,099:e0007,7,Padre João,plateia,manifestacao_plateia,marca_editorial_plateia,False,True,True,True,11181,"na plateia.) Deputado Gilvan da Federal, por favor. Deputado Gilvan da Federal, V.Exa. veio aqui participar de uma audiência sabendo do objeto desta audiência.(Manifestação na plateia.) Deputado Gilvan da Federal, por favor. Por favor, peço silêncio. Não vamos ceder a provocações. Nós sabemos dos Deputados que querem fazer isso. Deputado Gi"
99,M,099:e0008,12,Ahmed Shehada,plateia,plateia_solicitada,marca_editorial_plateia,False,False,False,True,38836,"crimes de genocídio e limpeza étnica praticados pela entidade sionista. Eu teria muito a falar, mas vou respeitar o tempo. Agradeço muito. Viva a Palestina!(Manifestação na plateia: Viva!)(Palmas.)"
100,M,100:e0001,4,Taís Niffinegger,Silvye Alves,intercalacao,A-X-A,True,False,False,True,15340,"Sim, é possível.(Pausa.)"
100,M,100:e0002,6,Taís Niffinegger,Silvye Alves,tecnica,A-X-A,True,True,False,True,16871,"Taís, desculpe interrompê-la. Você quer tentar novamente? Liberamos a permissão. Podemos tentar exibir sua apresentação agora?"
100,M,100:e0003,24,George Neves Lodder,Silvye Alves,pergunta_intercalada,A-X-A,True,False,False,True,74307,Da mensagem?
100,M,100:e0004,40,George Neves Lodder,Silvye Alves,intercalacao,A-X-A,True,False,False,True,98620,"Não havia, não, porque esse projeto é meu, inclusive."
102,C,102:e0001,4,Eduardo Nery Machado Filho,Arnaldo Jardim,pergunta_intercalada,A-X-A,True,False,False,True,23751,O senhor fala sobre portos marítimos e fluviais?
102,C,102:e0002,6,Eduardo Nery Machado Filho,Arnaldo Jardim,pergunta_intercalada,A-X-A,True,False,False,True,28559,"Dessas quatro hidrovias, qual seria a primeira?"
102,C,102:e0003,25,Dino Antunes Dias Batista,Arnaldo Jardim,gestao_tempo,A-X-A,True,True,False,True,62705,"Muito obrigado, Dr. Dino Antunes Dias Batista, por sua participação e exposição. Você tem um limite de tempo, não é, Dino?"
102,C,102:e0004,35,Eduardo Nery Machado Filho,Leônidas Cristino,intercalacao,A-X-A,False,False,False,True,75692,"Quero dizer algo só para ajudar: não se pode separar o Tocantins do Araguaia, mesmo porque o problema grave está no Tocantins, com a questão do Pedral."
102,C,102:e0005,41,Arnaldo Jardim,Leônidas Cristino,intercalacao,A-X-A,True,False,False,True,82087,Tem a palavra o Deputado Arnaldo Jardim.
103,C,103:e0001,8,Sanderson,Alberto Fraga,gestao_tempo,A-X-A,True,True,False,True,14091,"Muito obrigado, Deputado Sanderson. Concedo a palavra, por 5 minutos, ao Deputado Rodolfo Nogueira."
103,C,103:e0002,26,Delegado Paulo Bilynskyj,Alberto Fraga,intercalacao,A-X-A,True,False,False,True,25264,"Por favor, vamos ouvir o colega."
103,C,103:e0003,28,Delegado Paulo Bilynskyj,Alberto Fraga,gestao_tempo,A-X-A,True,True,False,True,29380,"Peço que encerre, Deputado. V.Exa. tem 30 segundos, por favor."
103,C,103:e0004,32,Ministro Ricardo Lewandowski,Alberto Fraga,intercalacao,A-X-A,True,False,False,True,46809,Há tanta pergunta que...
103,C,103:e0005,39,Ministro Ricardo Lewandowski,Delegado Paulo Bilynskyj,intercalacao,A-X-A,False,False,False,True,50626,"Sim, sim, é bastante relevante, tanto que os seguranças de V.Exa. utilizam uma pistola 9 milímetros."
103,C,103:e0006,41,Ministro Ricardo Lewandowski,Delegado Paulo Bilynskyj,intercalacao,A-X-A,False,False,False,True,51294,"A proporcionalidade não consta na lei, Ministro."
103,C,103:e0007,48,Ministro Ricardo Lewandowski,Alberto Fraga,gestao_tempo,A-X-A,True,True,False,True,53952,"O senhor terá todo o tempo do mundo. Eu só me preocupo com o tempo, porque temos 1 hora de audiência."
103,C,103:e0008,62,General Girão,Alberto Fraga,gestao_tempo,A-X-A,True,True,False,True,72521,"Peço-lhe que conclua, Deputado, em 30 segundos."
103,C,103:e0009,82,Marcos Pollon,Alberto Fraga,gestao_tempo,A-X-A,True,True,False,True,97136,"Peço que conclua, Deputado."
103,C,103:e0010,121,Albuquerque,Alberto Fraga,gestao_tempo,A-X-A,True,True,False,True,134901,"Conclua, Deputado. V.Exa. tem 30 segundos."
103,C,103:e0011,128,Merlong Solano,plateia/desconhecido,manifestacao_plateia,A-X-A,True,True,True,True,139942,"Peço silêncio, por favor. Temos um Deputado na tribuna."
103,C,103:e0012,132,Ministro Ricardo Lewandowski,Alberto Fraga,pergunta_intercalada,A-X-A,True,False,False,True,153488,"Muito obrigado, Ministro. V.Exa. quer fazer o intervalo agora?"
103,C,103:e0013,148,Lindbergh Farias,Alberto Fraga,intercalacao,A-X-A,True,False,False,True,163892,"V.Exa. dispõe de 30 segundos, Deputado."
103,C,103:e0014,162,Delegado Caveira,Alberto Fraga,intercalacao,A-X-A,True,False,False,True,181336,Vou conceder mais 30 segundos a V.Exa.
103,C,103:e0015,167,Ministro Ricardo Lewandowski,Delegado Caveira,pergunta_intercalada,A-X-A,False,False,False,True,187080,"Esse especialista em segurança pública, Ministro, foi policial?"
103,C,103:e0016,173,Ministro Ricardo Lewandowski,Alberto Fraga,intercalacao,A-X-A,True,False,False,True,188124,"Pode, pode."
103,C,103:e0017,175,Ministro Ricardo Lewandowski,Alberto Fraga,procedimento,A-X-A,True,False,False,True,188739,"Muito obrigado, Ministro. Nós é que agradecemos a V.Exa. a presença.(Palmas.) Quero dizer ao meu amigo Deputado Delegado Caveira que esse Dr. Sarrubbo eu avalizo, é um cara bom!"
103,C,103:e0018,147,Lindbergh Farias,não identificado,fala_anonima,cabecalho_nao_identificado,False,True,True,True,163072,Por que não tem um banco nacional?
104,C,104:e0001,2,Rodrigo Lopes Sauaia,Hugo Leal,tecnica,A-X-A,True,True,False,True,4649,"Se você quiser fazê-la de pé, eu lhe passo o microfone. Fique à vontade."
104,C,104:e0002,4,Rodrigo Lopes Sauaia,Hugo Leal,tecnica,A-X-A,True,True,False,True,10956,"Eu pediria que o senhor finalizasse sua apresentação em virtude do tempo aqui — e até porque já demos um período de prorrogação —, porque, senão, vai consumir o tempo dos outros convidados."
104,C,104:e0003,26,Alexandre Carlos Leite de Figueiredo,Hugo Leal,pergunta_intercalada,A-X-A,True,False,False,True,72849,"Desculpe-me a interrupção, mas o acórdão é de quando?"
105,C,105:e0001,4,Dr. Zacharias Calil,Mauro Goldbaum,interrupcao_explicita,verbo_interromper,False,True,True,True,16860,Desculpe-me por interromper. Quero só avisar que o Arnaldo Bordon está tentando entrar.
106,C,106:e0001,11,Claudio Filgueiras Pacheco Moreira,Pezenti,intercalacao,A-X-A,True,False,False,True,56471,O CAF é a antiga DAP.
106,C,106:e0002,34,Bohn Gass,Claudio Filgueiras Pacheco Moreira,intercalacao,A-X-A,False,False,False,True,91877,"É, o teto é 9 mil reais."
107,C,107:e0001,19,Marcio Romano Corrêa Custodio,Gilson Daniel,intercalacao,A-X-A,True,False,False,True,82398,É claro.
109,C,109:e0001,5,Rodrigo de Castro,Ministro Waldez Góes,intercalacao,A-X-A,False,False,False,True,15788,"Não, não entrou."
109,C,109:e0002,55,Gabriel Nunes,José Rocha,pergunta_intercalada,A-X-A,True,False,False,True,119070,Qual é o nome do perímetro?
109,C,109:e0003,64,Ministro Waldez Góes,Paulo Roberto Galvão da Rocha,intercalacao,A-X-A,False,False,False,True,144295,Mas o Deputado Carlos Henrique Gaguim quer a SUDAM também.
109,C,109:e0004,66,Ministro Waldez Góes,Paulo Roberto Galvão da Rocha,pergunta_intercalada,A-X-A,False,False,False,True,151128,"Sem perder a minha experiência de Parlamentar, V.Exa. me concede um aparte? Permita-me acrescentar algo sobre o que disse agora."
110,M,110:e0001,12,Marcos Wagner de Sousa Porto,Luiz Couto,tecnica,A-X-A,True,True,False,True,48495,"A sua apresentação está travando. Deve haver algum problema, alguma interferência."
111,M,111:e0001,24,Intérprete,Amália Barros,intercalacao,A-X-A,True,False,False,True,71499,"Passo a palavra, para as considerações finais, ao Prof. Messias Ramos. O SR. MESSIAS RAMOS COSTA-(Manifestação em LIBRAS.)"
111,M,111:e0002,12,Intérprete,não identificado,fala_anonima,cabecalho_nao_identificado,False,True,True,True,59305,(Manifestação em LIBRAS.)
112,C,112:e0001,22,Carina Mineia dos Santos Trindade,plateia/desconhecido,manifestacao_plateia,A-X-A,True,True,True,True,35612,"Eu gostaria de dizer uma coisa. Neste momento, não vamos interromper a fala da Carina. Já estamos fazendo isso, e não deveríamos. Depois vamos ouvir as outras intervenções. Carina, prossiga, por favor."
112,C,112:e0002,38,Rodrigo Carelli,Glauber Braga,gestao_tempo,A-X-A,True,True,False,True,46683,Peço que conclua.
112,C,112:e0003,63,Hítalo,Glauber Braga,intercalacao,A-X-A,True,False,False,True,80507,"Gente, vamos garantir ao Hítalo a palavra, por favor! Eu tenho que fazer o papel chato, pois alguém tem que assumir essa tarefa de coordenar os trabalhos e garantir que todos sejam ouvidos."
112,C,112:e0004,71,Denis Moura,Glauber Braga,intercalacao,A-X-A,True,False,False,True,92545,"Obrigado, Denis. Eu quero só fazer uma correção. Naquela discussão com o Deputado Zarattini, nós não estávamos do mesmo lado. A minha posição continua sendo a mesma."
112,C,112:e0005,84,Aderson Ribeiro da Silva,Glauber Braga,gestao_tempo,A-X-A,True,True,False,True,100041,Peço que conclua.
112,C,112:e0006,89,Gleidson Veras,Glauber Braga,gestao_tempo,A-X-A,True,True,False,True,103983,Peço que conclua.
112,C,112:e0007,116,Carina Mineia dos Santos Trindade,Daniel Agrobom,intercalacao,A-X-A,False,False,False,True,127250,Mas aí tem urgência para a carta...
112,C,112:e0008,42,Simone Almeida,plateia,manifestacao_plateia,marca_editorial_plateia,False,True,True,True,50336,"ar recebendo por hora e tempo, sim. E, mais uma coisa, isso vai ser maravilhoso, porque poderá aumentar os nossos ganhos. As plataformas vão continuar com a...(Manifestação na plateia.)"
112,C,112:e0009,46,Daniel Agrobom,plateia,manifestacao_plateia,marca_editorial_plateia,False,True,True,True,53825,"ia Bomfim, minha colega Deputada Dayany Bittencourt e Deputado Hildo do Candango, que estava por aqui agora. Bom dia a todos os motoristas que estão presentes.(Manifestação na plateia.) Eu gosto sempre de iniciar minhas palavras agradecendo a Deus, porque esta oportunidade que estamos tendo aqui, gostaríamos de ter tido lá no grupo de trabalh"
112,C,112:e0010,91,Gleidson Veras,plateia,manifestacao_plateia,marca_editorial_plateia,False,True,True,True,105446,"eiro: a mulher é mulher independentemente do momento em que ela tiver um filho, está certo? Então, é importante reforçarmos essa posição. Entendo que foi uma...(Manifestação na plateia.) Senhores e senhoras, a mulher é mulher, independentemente de ter um filho. Senhores e senhoras, ele teve a oportunidade de fazer a sua colocação. Eu estou t"
112,C,112:e0011,2,Jair Gomes de Almeida,não identificado,fala_anonima,cabecalho_nao_identificado,False,True,True,True,7062,É até menos!
115,C,115:e0001,15,Luciana Vanni Gatti,Tarcísio Motta,gestao_tempo,A-X-A,True,True,False,True,47166,Fique tranquila. Você acha que consegue encerrar em 5 minutos?
115,C,115:e0002,17,Luciana Vanni Gatti,Tarcísio Motta,gestao_tempo,A-X-A,True,True,False,True,53966,"Luciana, se você puder acelerar a conclusão, por favor, porque senão vamos estourar o tempo."
115,C,115:e0003,21,Alexandre Araújo Costa,Tarcísio Motta,gestao_tempo,A-X-A,True,True,False,True,74632,"Alexandre, se você puder acelerar a conclusão, eu agradeceria. Desculpe-me."
115,C,115:e0004,25,Marcio Astrini,Tarcísio Motta,tecnica,A-X-A,True,True,False,True,79999,"Depois, todas as apresentações estarão disponíveis na pasta da Comissão, nositeda própria Câmara dos Deputados. Inclusive, estará completa sua apresentação, Marcio."
115,C,115:e0005,34,Jorge Goetten,Tarcísio Motta,tecnica,A-X-A,True,True,False,True,110567,"Desculpe-me, Deputado. Religue o microfone, porque acho que cometi um erro aqui."
115,C,115:e0006,54,Alexandre Araújo Costa,Tarcísio Motta,pergunta_intercalada,A-X-A,True,False,False,True,139037,"Alexandre, obrigado. Repita o arroba, por favor. Qual é?"
116,C,116:e0001,28,Evair Vieira de Melo,Paulo Alexandre Barbosa,intercalacao,A-X-A,True,False,False,True,81925,"Foi acrescentado, Deputado."
116,C,116:e0002,32,Alfredo Gaspar,Paulo Alexandre Barbosa,gestao_tempo,A-X-A,True,True,False,True,89334,O Deputado já utilizou todo o tempo de Liderança.
116,C,116:e0003,36,Claudio Cajado,Paulo Alexandre Barbosa,intercalacao,A-X-A,True,False,False,True,93070,Tem a palavra o Deputado General Girão.(Pausa.)
117,C,117:e0001,11,Jean Paul Pereira Melo,Marx Beltrão,intercalacao,A-X-A,True,False,False,True,27886,"Pode, sim."
117,C,117:e0002,13,Jean Paul Pereira Melo,Marx Beltrão,tecnica,A-X-A,True,True,False,True,29396,"Sr. Jean Paul, queria interrompê-lo um momento. O senhor está fazendo alguma apresentação ou somente a fala do senhor? Não estamos vendo a apresentação na tela."
117,C,117:e0003,28,Helder Pasti,Alfredo Gaspar,pergunta_intercalada,A-X-A,True,False,False,True,54817,Seria correto dizer que só com o relatório da CPRM a Agência Nacional de Mineração teve conhecimento dessas subsidências?
117,C,117:e0004,38,Helder Pasti,Alfredo Gaspar,intercalacao,A-X-A,True,False,False,True,57487,"Superintendente, se não me falha a memória, esse professor foi contratado para estudo da questão de minas de carvão e análise delas lá em Santa Catarina."
117,C,117:e0005,66,Helder Pasti,Alfredo Gaspar,pergunta_intercalada,A-X-A,True,False,False,True,68878,A Agência Nacional de Mineração considera a Braskem responsável pelo afundamento do solo em Maceió?
117,C,117:e0006,68,Helder Pasti,Alfredo Gaspar,pergunta_intercalada,A-X-A,True,False,False,True,69567,"A Agência Nacional de Mineração, após o crime praticado pela Braskem dentro de Maceió, depois de 2018, concedeu alguma licença de lavra ou pesquisa à Braskem no Estado de Alagoas?"
117,C,117:e0007,72,Helder Pasti,Alfredo Gaspar,pergunta_intercalada,A-X-A,True,False,False,True,70627,Mesmo que isso seja em outras áreas urbanas do Estado de Alagoas?
117,C,117:e0008,86,Helder Pasti,Alfredo Gaspar,pergunta_intercalada,A-X-A,True,False,False,True,74401,"Superintendente, o senhor estava na agência em 2018?"
117,C,117:e0009,138,Marx Beltrão,Helder Pasti,intercalacao,A-X-A,False,False,False,True,85886,Sim.
117,C,117:e0010,143,Helder Pasti,Marx Beltrão,gestao_tempo,A-X-A,False,True,False,True,88016,"O senhor trabalha na Agência Nacional de Mineração há quanto tempo, Sr. Helder?"
117,C,117:e0011,165,Leandro Galvanese Kuhlmann,Alfredo Gaspar,pergunta_intercalada,A-X-A,True,False,False,True,92951,"Leandro, só um momento. Esse é um dado novo que eu não conhecia. A Braskem comprou imagens de satélite que mostraram que o processo de subsidência já existia desde 2004?"
117,C,117:e0012,173,Leandro Galvanese Kuhlmann,Alfredo Gaspar,intercalacao,A-X-A,True,False,False,True,93983,"Vamos fazer um histórico. De 2004 a 2006 foi constatada uma subsidência, pelo satélite, de 100 milímetros."
117,C,117:e0013,191,Leandro Galvanese Kuhlmann,Alfredo Gaspar,pergunta_intercalada,A-X-A,True,False,False,True,97311,"A pergunta que eu lhe fiz, com base no que entendi, é a seguinte: se o ponto dos parâmetros estiver fora da área de subsidência, a topografia realizada pela empresa seria suficiente para detectar essa subsidência, fazendo outras comparações?"
117,C,117:e0014,197,Paulo Roberto Farias Falcão,Alfredo Gaspar,pergunta_intercalada,A-X-A,True,False,False,True,98771,"E qual é a velocidade hoje de subsidência da área? Quando eu digo hoje, eu me refiro ao contexto geral."
117,C,117:e0015,203,Paulo Roberto Farias Falcão,Alfredo Gaspar,pergunta_intercalada,A-X-A,True,False,False,True,99981,"Paulo, eu estou falando de uma área que não está nesse processo. Quanto é aceitável, numa área saudável, de subsidência por ano?"
117,C,117:e0016,209,Paulo Roberto Farias Falcão,Alfredo Gaspar,intercalacao,A-X-A,True,False,False,True,103437,"A pergunta é objetiva, Paulo. A pergunta é objetiva."
117,C,117:e0017,213,Paulo Roberto Farias Falcão,Alfredo Gaspar,pergunta_intercalada,A-X-A,True,False,False,True,104065,Agora a pergunta é a seguinte: havia risco de vida para essas pessoas?
117,C,117:e0018,219,Paulo Roberto Farias Falcão,Alfredo Gaspar,pergunta_intercalada,A-X-A,True,False,False,True,109623,"Paulo, e esse redemoinho como um ralo hoje significa o quê? Que a mina está sendo preenchida por água? Ou está ocorrendo outro processo?"
117,C,117:e0019,225,Paulo Roberto Farias Falcão,Alfredo Gaspar,pergunta_intercalada,A-X-A,True,False,False,True,112924,"Paulo, para finalizar, pergunto: está havendo manutenção de sismos na área, ou isso, com o colapso da mina, cessou?"
117,C,117:e0020,231,Marx Beltrão,Jean Paul Pereira Melo,intercalacao,A-X-A,False,False,False,True,120569,"Boa tarde a todos novamente. Não tenho o conhecimento total da afirmação, mas com relação ao licenciamento ambiental para atividade, ele é realizado pelo IMA, sim. A responsabilidade é do Instituto de Meio Ambiente do Estado de Alagoas."
117,C,117:e0021,234,Jean Paul Pereira Melo,Marx Beltrão,pergunta_intercalada,A-X-A,False,False,False,True,121565,E qual foi a data da última licença de operação concedida pelo IMA?
117,C,117:e0022,251,Jean Paul Pereira Melo,Alfredo Gaspar,intercalacao,A-X-A,True,False,False,True,125826,"Não, mas o EIA é uma coisa, e o RIMA é outra completamente diferente."
117,C,117:e0023,286,Jean Paul Pereira Melo,Alfredo Gaspar,pergunta_intercalada,A-X-A,True,False,False,True,133422,"Tá. O senhor tem conhecimento se a plotação dessa água concedida pelo IMA nos poços está vigente? Nós estávamos falando do duto, mas eu quero saber da arrecadação da água, dos poços de arrecadação."
117,C,117:e0024,308,Jean Paul Pereira Melo,Alfredo Gaspar,pergunta_intercalada,A-X-A,True,False,False,True,137669,Mas vocês não fazem a inspeçãoin loco?
117,C,117:e0025,320,Ricardo César de Barros Oliveira,Alfredo Gaspar,gestao_tempo,A-X-A,True,True,False,True,141396,"Ricardo, eu posso estar equivocado, mas você já está há um bom tempo no Instituto do Meio Ambiente, não é?"
117,C,117:e0026,5,Leandro Galvanese Kuhlmann,não identificado,fala_anonima,cabecalho_nao_identificado,False,True,True,True,14223,"Está muito baixo o som. Não dá para escutar nada. Se puder aumentar o volume, agradecemos."
118,C,118:e0001,31,Wolnei Wolff,Alberto Mourão,intercalacao,A-X-A,False,False,False,True,80640,Eu sou de Praia Grande.
122,C,122:e0001,13,Fernando Soares,Tião Medeiros,pergunta_intercalada,A-X-A,True,False,False,True,60121,Quanto foi a performance IRP?
122,C,122:e0002,24,Alberto Fraga,Ministro Carlos Fávaro,intercalacao,A-X-A,False,False,False,True,75336,"Por favor, Deputado, permita-me fazer um aparte."
122,C,122:e0003,40,Ministro Carlos Fávaro,Afonso Hamm,intercalacao,A-X-A,False,False,False,True,95816,"Permita-me fazer uma intervenção, Ministro. Não vou intervir mais vezes."
122,C,122:e0004,54,Carlos Goulart,Ministro Carlos Fávaro,intercalacao,A-X-A,False,False,False,True,119868,"Inclusive, as que estão sendo auditadas, não significa que estas serão habilitadas e que as outras que não estão sendo auditadas estão fora dessa possibilidade."
123,C,123:e0001,4,Ethel Leonor Noia Maciel,Ana Paula Lima,tecnica,A-X-A,True,True,False,True,25679,"Muito obrigada pela bela explanação, Sra. Ethel Maciel, Secretária de Vigilância em Saúde e Ambiente, representando aqui a nossa Ministra Nísia. Peço à senhora que nos deixe esta apresentação para que depois os Deputados possam acessá-la."
123,C,123:e0002,22,Carla Patrícia Gomes Almeida,Ana Paula Lima,procedimento,A-X-A,True,False,False,True,71582,Muito obrigada. Eu só vou pedir a gentileza de você se identificar e dizer qual instituição está representando.
124,C,124:e0001,10,Coronel Fernanda,Daniel Agrobom,intercalacao,A-X-A,True,False,False,True,20949,É a Shirley Abreu.
124,C,124:e0002,12,Coronel Fernanda,Daniel Agrobom,intercalacao,A-X-A,True,False,False,True,21567,"O.k., Deputada. Está tranquilo."
124,C,124:e0003,18,Coronel Fernanda,Bohn Gass,intercalacao,A-X-A,False,False,False,True,22852,"Presidente, uma questão de ordem. Deputada Coronel Fernanda, eu tenho participado de muitas audiências. Eu não sei se não seria melhor para o nosso trabalho V.Exa. fazer toda a fala. É assim que é feito normalmente."
124,C,124:e0004,27,Bohn Gass,Daniel Agrobom,intercalacao,A-X-A,True,False,False,True,24577,"Deputado, regimentalmente, não se fala que tem que ser dessa forma. Isso é decidido pela Presidência. Como estamos num dia muito tranquilo, eu permito que a Deputada continue fazendo as perguntas, se for de acordo com..."
124,C,124:e0005,35,Coronel Fernanda,Daniel Agrobom,intercalacao,A-X-A,True,False,False,True,25670,"Mas V.Exa. tem direito a réplica, Deputada."
124,C,124:e0006,60,Coronel Fernanda,César Fernando Schiavon Aldrighi,intercalacao,A-X-A,False,False,False,True,29555,"Eu não tenho isso aqui. Eu posso providenciar para senhora, se for importante."
124,C,124:e0007,72,Shirley Anny Abreu do Nascimento,Coronel Fernanda,intercalacao,A-X-A,False,False,False,True,33753,Espera aí. Deixe-me perguntar uma coisa: floresta pública...
124,C,124:e0008,74,Shirley Anny Abreu do Nascimento,Coronel Fernanda,pergunta_intercalada,A-X-A,False,False,False,True,34329,Minha pergunta: a senhora é funcionária efetiva ou a senhora exerce cargo de confiança?
124,C,124:e0009,102,Bohn Gass,Coronel Fernanda,intercalacao,A-X-A,False,False,False,True,46629,"Isso tem que ser investigado mesmo, Deputado, porque..."
124,C,124:e0010,115,César Fernando Schiavon Aldrighi,Daniel Agrobom,gestao_tempo,A-X-A,True,True,False,True,61775,"Não havendo mais Parlamentares inscritos, eu devolvo a palavra, então, ao senhor por mais 3 minutos para as considerações finais."
127,M,127:e0001,26,Amanda Ribeiro Fernandes,Socorro França,intercalacao,A-X-A,False,False,False,True,39968,Que coisa linda! Que Deus te abençoe!
127,M,127:e0002,33,Socorro França,Luizianne Lins,pergunta_intercalada,A-X-A,False,False,False,True,49683,"Muito obrigada! Aqui estão as flores que eu vou entregar ao Deputado Luiz Couto. As fotos eu vou lhe entregar pessoalmente, certo?"
129,M,129:e0001,4,Ministra Nísia Trindade,Bia Kicis,gestao_tempo,A-X-A,True,True,False,True,22374,Quase 4 minutos.
129,M,129:e0002,15,Eduardo Bolsonaro,Ministra Nísia Trindade,pergunta_intercalada,A-X-A,False,False,False,True,40529,Eu gostaria de um esclarecimento só para poder responder. A que pressões externas o senhor se refere?
129,M,129:e0003,31,Evair Vieira de Melo,Bia Kicis,intercalacao,A-X-A,True,False,False,True,56420,Deputado...
129,M,129:e0004,98,Ministra Nísia Trindade,Tadeu Veneri,intercalacao,A-X-A,False,False,False,True,107586,É servidora do Ministério da Saúde.
129,M,129:e0005,118,Ministra Nísia Trindade,Bia Kicis,intercalacao,A-X-A,True,False,False,True,119017,"Infelizmente, agora não. Tivemos um problema técnico."
129,M,129:e0006,149,Mario Frias,Ministra Nísia Trindade,intercalacao,A-X-A,False,False,False,True,137385,"Deputado, de uma maneira muito clara, já falei aqui do compromisso do Ministério da Saúde com o direito à vida. Com relação a..."
129,M,129:e0007,178,Osmar Terra,Bia Kicis,gestao_tempo,A-X-A,True,True,False,True,148819,"Conclua, Deputado, porque outros Deputados estão aguardando para falar."
129,M,129:e0008,180,Osmar Terra,Bia Kicis,gestao_tempo,A-X-A,True,True,False,True,149483,"Deputado, conclua, porque há outros Deputados aguardando."
129,M,129:e0009,186,Padovani,Osmar Terra,intercalacao,A-X-A,False,False,False,True,151859,"O senhor tem toda razão, ainda mais que 90% das luvas são importadas."
129,M,129:e0010,192,Chris Tonietto,Bia Kicis,intercalacao,A-X-A,True,False,False,True,158170,Sim.
130,C,130:e0001,8,Lídice da Mata,Jandira Feghali,intercalacao,A-X-A,True,False,False,True,46038,"Que bom, Lídice!"
130,C,130:e0002,34,Soraya Santos,Márcio Tavares,intercalacao,A-X-A,False,False,False,True,127082,Esclareço que é só um título maldoso da matéria.
130,C,130:e0003,38,Soraya Santos,Jandira Feghali,intercalacao,A-X-A,True,False,False,True,127616,E cuidamos de filho também.
130,C,130:e0004,40,Soraya Santos,Jandira Feghali,intercalacao,A-X-A,True,False,False,True,129784,"Obrigada, Deputada Soraya. O dia 6 de dezembro é o dia do HeForShe. É um dia internacional. Ela está levantando essa possibilidade de marcar..."
131,C,131:e0001,8,Carlos Rafael Menin Simões,Jorge Solla,pergunta_intercalada,A-X-A,True,False,False,True,19366,"É isso o que eu queria que você complementasse, por favor. Você falou dos prazos a partir da admissibilidade. O estágio atual é o de admissibilidade. Isso tem prazo estabelecido? Como funciona?"
131,C,131:e0002,28,Anderson Santos Bellas,Jorge Solla,tecnica,A-X-A,True,True,False,True,57331,"Anderson, perdoe-me, mas não estamos conseguindo entender direito o que você está dizendo. Se você puder, aumente o volume do som e chegue mais perto do microfone. Está meio difícil entendermos."
131,C,131:e0003,45,José Bartolomeu,Jorge Solla,procedimento,A-X-A,True,False,False,True,75323,"Fique à vontade, porque todos nós estamos ansiosos para ouvir suas respostas."
131,C,131:e0004,47,José Bartolomeu,Jorge Solla,pergunta_intercalada,A-X-A,True,False,False,True,77974,"Desculpe-me. Quais são as BAs, além da Estrada da Base Naval?"
131,C,131:e0005,51,José Bartolomeu,Jorge Solla,interrupcao_explicita,A-X-A,True,True,True,True,79025,Permita-me interrompê-lo. Só falou da estimativa de início. E o cronograma de obras de duplicação e dos investimentos?
131,C,131:e0006,53,José Bartolomeu,Jorge Solla,intercalacao,A-X-A,True,False,False,True,79802,São 432 quilômetros de duplicação...
131,C,131:e0007,59,José Bartolomeu,Jorge Solla,intercalacao,A-X-A,True,False,False,True,80667,Outra pergunta que ficou em aberto diz respeito às estimativas de reajuste de pedágio.
131,C,131:e0008,66,Carlos Rafael Menin Simões,Rogéria Santos,pergunta_intercalada,A-X-A,False,False,False,True,83876,"O senhor sabe, então, quem teria essa resposta? Seria o próprio Ministério?"
132,C,132:e0001,4,Geremias dos Santos,Jadyel Alencar,tecnica,A-X-A,True,True,False,True,18062,"Geremias, só um minutinho. O seu tempo já está encerrado. Concedo mais 1 minuto para que você conclua sua apresentação."
132,C,132:e0002,10,Higino Ítalo Germani,Jadyel Alencar,tecnica,A-X-A,True,True,False,True,36547,"Prof. Higino, gostaria de conceder-lhe mais 1 minuto para que possa finalizar a sua apresentação. Grato."
133,C,133:e0001,8,Ivan Valente,Rodrigo de Castro,pergunta_intercalada,A-X-A,True,False,False,True,11412,"Deputado Ivan Valente, peço a V.Exa. que finalize, para que os outros possam participar do debate. A sugestão de V.Exa. é adiarmos, para que o Presidente seja ouvido, da mesma maneira que eu coloquei?"
133,C,133:e0002,12,Ivan Valente,Rodrigo de Castro,intercalacao,A-X-A,True,False,False,True,12343,"Obrigado, Deputado Ivan Valente. Deputado, vamos dar continuidade à reunião. Isso já está colocado."
133,C,133:e0003,23,Celso Russomanno,Rodrigo de Castro,intercalacao,A-X-A,True,False,False,True,29470,"Podemos fazer uma conjunta, Deputado."
133,C,133:e0004,29,Aureo Ribeiro,Rodrigo de Castro,gestao_tempo,A-X-A,True,True,False,True,37811,"Deputado Aureo, o tempo já encerrou."
133,C,133:e0005,37,João Carlos Bacelar,Rodrigo de Castro,intercalacao,A-X-A,True,False,False,True,39624,"Sim. Deputado, deixe-me só escutar os dois Parlamentares que vão falar ainda para iniciarmos a deliberação."
133,C,133:e0006,41,Aureo Ribeiro,João Carlos Bacelar,intercalacao,A-X-A,False,False,False,True,40963,Põe para a semana que vem.
134,C,134:e0001,16,Alexandre Alonso,Leônidas Cristino,procedimento,A-X-A,True,False,False,True,82046,"Muito obrigado, Sr. Alexandre Alonso, Chefe-Geral da EMBRAPA Agroenergia. Eu tenho um carinho muito especial pela EMBRAPA, por tudo que tem feito pelo Brasil, mas também por estar circunscrita na nossa cidade de Sobral, na nossa querida cidade."
138,C,138:e0001,4,Waldemar Gonçalves Ortunho Júnior,Caio Vianna,pergunta_intercalada,A-X-A,True,False,False,True,17470,"O senhor tem o número, neste ano, de quantos vazamentos vocês acompanharam e de quantos fizeram o estudo? O senhor tem o número de quantas sanções ou multas vocês aplicaram?"
138,C,138:e0002,19,Waldemar Gonçalves Ortunho Júnior,Caio Vianna,intercalacao,A-X-A,True,False,False,True,29601,"Quando você aplica uma multa, que ainda não foi o caso, mas quando se aplica..."
138,C,138:e0003,34,Waldemar Gonçalves Ortunho Júnior,Caio Vianna,pergunta_intercalada,A-X-A,True,False,False,True,32801,Mas o senhor acha que seria possível aplicar no Brasil?
139,M,139:e0001,8,Andrey Cordeiro Ferreira,Defensor Stélio Dener,tecnica,A-X-A,True,True,False,True,36505,"Caiu a conexão? Voltou?(Pausa.) Então, pode continuar, Andrey."
141,C,141:e0001,2,Henrique Maffei,Professora Luciene Cavalcante,gestao_tempo,A-X-A,True,True,False,True,19693,"Henrique, acabou o tempo da sua intervenção. Vou pedir para você concluir, por favor."
141,C,141:e0002,15,Salomão Barros Ximenes,Talíria Petrone,intercalacao,A-X-A,True,False,False,True,74623,Pode seguir.
142,C,142:e0001,6,Cynthia Beltrao Curado,Prof. Paulo Fernando,procedimento,A-X-A,True,False,False,True,16444,Muito obrigado.
142,C,142:e0002,10,Gerlane Alves da Silva,Prof. Paulo Fernando,intercalacao,A-X-A,True,False,False,True,19275,Ela já respondeu.
142,C,142:e0003,30,Elias Bezerra Rosa Júnior,Prof. Paulo Fernando,pergunta_intercalada,A-X-A,True,False,False,True,54367,"Obrigado pelas suas considerações. Achei interessante que o senhor tenha falado da SUSEP. Quer dizer que não tem VAR na SUSEP, não tem para onde recorrer?"
143,C,143:e0001,16,Celso Russomanno,Antônio Carlos Fontes Cintra,intercalacao,A-X-A,False,False,False,True,62703,"No final das contas, a dificuldade sempre é a prova. Temos provocado sempre a polícia."
143,C,143:e0002,2,Belline Santana,não identificado,fala_anonima,cabecalho_nao_identificado,False,True,True,True,13058,Já acabou o tempo do senhor.
144,C,144:e0001,6,Zé Trovão,Cezinha de Madureira,intercalacao,A-X-A,True,False,False,True,3550,"Aproveito para dar os parabéns a V.Exa. pela frente parlamentar lançada na semana passada. Eu estive lá. Até a Sula Miranda estava presente. Foi forte lá, Deputado Antonio Carlos. O jantar do Deputado Zé Trovão foi poderoso."
144,C,144:e0002,16,Ministro Jader Barbalho Filho,Cezinha de Madureira,gestao_tempo,A-X-A,True,True,False,True,10501,"Ministro, só um minutinho. Quero convidar o Deputado José Priante, Presidente de Comissão, para se sentar aqui, por gentileza. Há um lugar para V.Exa."
144,C,144:e0003,18,Ministro Jader Barbalho Filho,Cezinha de Madureira,intercalacao,A-X-A,True,False,False,True,39099,"Quero dizer ao Sr. Ministro que, como o senhor vê, esta Comissão, os nobres pares, colegas, são todos interessados no melhor para o Brasil. O senhor vai ter sempre paz neste lugar aqui."
144,C,144:e0004,37,Ministro Jader Barbalho Filho,Cezinha de Madureira,pergunta_intercalada,A-X-A,True,False,False,True,61681,"Esse é o cara, hein?"
144,C,144:e0005,71,Ministro Jader Barbalho Filho,Abilio Brunini,pergunta_intercalada,A-X-A,False,False,False,True,120201,Entra na Faixa 1 também?
144,C,144:e0006,74,Ministro Jader Barbalho Filho,Abilio Brunini,intercalacao,A-X-A,False,False,False,True,120718,"Por exemplo, numa reunião de bancada nós colocamos 40 milhões facilmente, numa reunião de bancada, num projeto, não especificando qual, e o Governo do Estado faz a ponte com o Ministério, e esse projeto se desenvolve."
144,C,144:e0007,79,Helena Lima,Cezinha de Madureira,intercalacao,A-X-A,True,False,False,True,126869,Está valendo 20 mil casas lá.(Risos.)
144,C,144:e0008,81,Helena Lima,Cezinha de Madureira,gestao_tempo,A-X-A,True,True,False,True,130970,"Conclua, Deputada, porque já estamos com o horário bastante estourado."
144,C,144:e0009,101,Ministro Jader Barbalho Filho,Max Lemos,intercalacao,A-X-A,False,False,False,True,161918,É sempre feito por meio do Município ou do Estado. Mas eu vou levar a legislação que temos.
145,C,145:e0001,5,Delegado Éder Mauro,Bia Kicis,intercalacao,A-X-A,True,False,False,True,7734,"Deputado Éder, isso não irá acontecer hoje aqui."
145,C,145:e0002,13,Rubens Pereira Júnior,Bia Kicis,intercalacao,A-X-A,True,False,False,True,8798,Certo.
145,C,145:e0003,46,Ministro Flávio Dino de Castro e Costa,Junio Amaral,intercalacao,A-X-A,False,False,False,True,33509,"O ano não fechou, Ministro."
145,C,145:e0004,50,Ministro Flávio Dino de Castro e Costa,Junio Amaral,intercalacao,A-X-A,False,False,False,True,34066,Volte mesmo.
145,C,145:e0005,64,Orlando Silva,Junio Amaral,intercalacao,A-X-A,False,False,False,True,38043,É só não responder.
145,C,145:e0006,119,Ministro Flávio Dino de Castro e Costa,Bia Kicis,intercalacao,A-X-A,True,False,False,True,55708,"Obrigada, Ministro."
145,C,145:e0007,144,Ministro Flávio Dino de Castro e Costa,Bia Kicis,gestao_tempo,A-X-A,True,True,False,True,60070,"Por gentileza, deixem o Ministro falar. Ministro, V.Exa. tem mais 2 segundos para concluir. Deputados, por favor."
145,C,145:e0008,168,Orlando Silva,Julia Zanatta,intercalacao,A-X-A,False,False,False,True,94548,Deputado Orlando...
145,C,145:e0009,185,Carlos Jordy,Bia Kicis,intercalacao,A-X-A,True,False,False,True,104034,"Uma frase, Deputado."
145,C,145:e0010,242,Ministro Flávio Dino de Castro e Costa,Delegado Caveira,intercalacao,A-X-A,False,False,False,True,122900,Esse é campeão!
145,C,145:e0011,248,Ministro Flávio Dino de Castro e Costa,Delegado Éder Mauro,intercalacao,A-X-A,False,False,False,True,123745,Há alguma coisa errada!
145,C,145:e0012,254,Ministro Flávio Dino de Castro e Costa,Bia Kicis,gestao_tempo,A-X-A,True,True,False,True,127394,"Encerrou-se o tempo, Ministro, por gentileza."
145,C,145:e0013,266,Ministro Flávio Dino de Castro e Costa,Carla Zambelli,intercalacao,A-X-A,False,False,False,True,131747,Uma menina.
145,C,145:e0014,270,Carla Zambelli,Duarte Jr,intercalacao,A-X-A,False,False,False,True,136463,"São 13 horas, Presidente!"
145,C,145:e0015,284,Duarte Jr,Bia Kicis,intercalacao,A-X-A,True,False,False,True,139231,"Deputado, V.Exa. está desrespeitando esta Presidência. V.Exa. está fazendo uso da palavra sem que esta Presidência lhe passe a palavra. Isso é antirregimental."
145,C,145:e0016,298,Carla Zambelli,Bia Kicis,gestao_tempo,A-X-A,True,True,False,True,143645,"Deputada Carla, o tempo já foi."
145,C,145:e0017,305,Ministro Flávio Dino de Castro e Costa,Bia Kicis,intercalacao,A-X-A,True,False,False,True,147528,"Por favor, Deputada Carla, deixe o Ministro falar. Não o interrompa. Senão, V.Exa. vai atrapalhar os demais que querem falar ainda."
145,C,145:e0018,307,Ministro Flávio Dino de Castro e Costa,Bia Kicis,intercalacao,A-X-A,True,False,False,True,148536,"Ministro, eu vou..."
145,C,145:e0019,335,Adriana Ventura,Ministro Flávio Dino de Castro e Costa,intercalacao,A-X-A,False,False,False,True,166618,"Deputada, esta é a 43ª vez que eu vou falar..."
147,M,147:e0001,35,Ana Maria Santos Rocha,Daiana Santos,pergunta_intercalada,A-X-A,True,False,False,True,110329,Será aqui em Brasília?
148,C,148:e0001,21,Humberto de Mattos Brandão,Marcos Pollon,pergunta_intercalada,A-X-A,True,False,False,True,93817,"Dr. Humberto, muitíssimo obrigado. Sei que a agenda do senhor é apertada. Então, desde já, agradeço. Se o senhor tiver alguma consideração final e quiser pontuar, fique à vontade. O senhor tem alguma consideração final que queira fazer?"
149,M,149:e0001,36,Michel Saad,Danyel Iorio de Lima,intercalacao,A-X-A,False,False,False,True,113000,Sim.
150,C,150:e0001,9,Cláudio Gomide,Luisa Canziani,tecnica,A-X-A,True,True,False,True,33412,"Dr. Cláudio, desculpe-me, nós perdemos o seu áudio."
150,C,150:e0002,17,Cláudio Gomide,Luisa Canziani,tecnica,A-X-A,True,True,False,True,36292,"Cláudio, de novo, houve uma falha no som.(Pausa.)"
151,C,151:e0001,2,Petra Silvia Pfaller,Luiz Couto,gestao_tempo,A-X-A,True,True,False,True,7245,Concedo mais 1 minuto para a conclusão.
151,C,151:e0002,6,Cláudia Bandeira,Luiz Couto,gestao_tempo,A-X-A,True,True,False,True,12652,Concedo mais 1 minuto para conclusão.
151,C,151:e0003,14,Sandra de Almeida Figueira,Luiz Couto,gestao_tempo,A-X-A,True,True,False,True,37459,"Muito obrigado, D. Sandra. No fim das manifestações, a senhora terá tempo para suas considerações finais; poderá participar. Pois não, D. Sandra."
151,C,151:e0004,24,Cíntia Rangel Assumpção,Luiz Couto,tecnica,A-X-A,True,True,False,True,54855,É a apresentação que a senhora quer fazer?
151,C,151:e0005,34,Cíntia Rangel Assumpção,Luiz Couto,gestao_tempo,A-X-A,True,True,False,True,61749,Peço que conclua.
152,C,152:e0001,11,Enio Alberto Siloti,Márcio Jerry,gestao_tempo,A-X-A,True,True,False,True,43881,"Enio, eu peço a sua compreensão, pois já extrapolamos o tempo."
153,C,153:e0001,55,Ministro Waldez Góes,Marcel van Hattem,tecnica,A-X-A,True,True,False,True,117441,"Ligue o microfone, por favor, se não, quem está em casa não vai ouvir."
153,C,153:e0002,80,Alice Castilho,Marcel van Hattem,gestao_tempo,A-X-A,True,True,False,True,144591,O tempo está esgotado.
153,C,153:e0003,86,Tiago Manoel Ferreira Michelon,Marcel van Hattem,procedimento,A-X-A,True,False,False,True,154588,"Muito obrigado, Prefeito. Obrigado pela manifestação."
153,C,153:e0004,98,Marcon,Marcel van Hattem,gestao_tempo,A-X-A,True,True,False,True,167022,"Peço que conclua, Deputado."
153,C,153:e0005,108,Reginete Bispo,plateia/desconhecido,manifestacao_plateia,A-X-A,True,True,True,True,180380,"Só um minuto, Deputada. Pessoal, eu vou pedir um pouco mais de silêncio, para podermos ouvir a Deputada. Obrigado."
153,C,153:e0006,134,Diogo Carlos Leuck,Marcel van Hattem,intercalacao,A-X-A,True,False,False,True,217628,"Será inclusive anexado à ata desta audiência pública, para posterior consulta."
153,C,153:e0007,156,Ministro Waldez Góes,Marcel van Hattem,gestao_tempo,A-X-A,True,True,False,True,257767,"Por mim, não tem hora. O horário aqui realmente é até as 15 horas, mas o próximo evento parece que é às 17 horas. Então, se o senhor quiser concluir, pode fazê-lo."
153,C,153:e0008,169,Ministro Waldez Góes,Carlos Henrique Gaguim,pergunta_intercalada,A-X-A,False,False,False,True,262935,"Nós vamos discutir isso na CMO, porque eu estou na CMO, certo, Deputado?"
153,C,153:e0009,174,Ministro Waldez Góes,Alex Sandro Herold,intercalacao,A-X-A,False,False,False,True,265430,"Não, eu estava me referindo a crédito de PIS COFINS de discussão pagos a maior."
153,C,153:e0010,16,Ministro Waldez Góes,não identificado,fala_anonima,cabecalho_nao_identificado,False,True,True,True,52217,Esgotou o tempo.
153,C,153:e0011,22,Marcel van Hattem,não identificado,fala_anonima,cabecalho_nao_identificado,False,True,True,True,57936,Essa era a proposta inicial.
153,C,153:e0012,22,Marcel van Hattem,não identificado,fala_anonima,cabecalho_nao_identificado,False,True,True,True,57936,"Deputado Marcel, quais são os Prefeitos inscritos?"
153,C,153:e0013,92,Pompeo de Mattos,não identificado,fala_anonima,cabecalho_nao_identificado,False,True,True,True,160118,"Deputado Pompeo, a rubrica tem que ser igual."
154,M,154:e0001,35,Adriana Ferreira,Lêda Borges,procedimento,A-X-A,True,False,False,True,119256,"Muito obrigada, Adriana, pelas considerações. Contem com este Parlamento para os avanços nas legislações específicas. Quero passar a palavra agora ao Dr. Jaime, representante da SOBRAC e da comissão da FEBRASGO, para suas considerações finais, se ainda estiver conosco."
154,M,154:e0002,41,Sonia Regina Umbelino Mendes,Lêda Borges,pergunta_intercalada,A-X-A,True,False,False,True,120998,"Dra. Sonia, a senhora já gostaria de fazer as suas considerações finais neste momento?"
154,M,154:e0003,47,Ana Priscila Soggia,Lêda Borges,gestao_tempo,A-X-A,True,True,False,True,123425,"De igual modo, Dra. Ana Priscila, que sugeri à Dra. Sonia, eu coloco à disposição o substitutivo que vou apresentar, fruto da minha relatoria, para as sugestões necessárias, se assim a senhora entender. Muito obrigada pelo seu rico tempo."
154,M,154:e0004,51,Pérola Grinberg Plapler,Lêda Borges,intercalacao,A-X-A,True,False,False,True,125208,"Nós é que agradecemos. Quando eu for a São Paulo, vou fazer questão de visitá-la e de ser consultada por você."
154,M,154:e0005,53,Pérola Grinberg Plapler,Lêda Borges,intercalacao,A-X-A,True,False,False,True,125782,"Isso é muito bom e nos traz mais esperança numa vida mais saudável, com longevidade..."
156,C,156:e0001,6,Ulysses Tavares Teixeira,Pedro Uczai,tecnica,A-X-A,True,True,False,True,18077,"Se quiser, pode ficar de pé para fazer a apresentação."
156,C,156:e0002,12,Ulysses Tavares Teixeira,Pedro Uczai,intercalacao,A-X-A,True,False,False,True,37530,Concedo-lhe mais 30 segundos.
157,C,157:e0001,2,Daniela Marreco Cerqueira,Paulão,gestao_tempo,A-X-A,True,True,False,True,14841,"Dra. Daniela, a senhora tem um tempo de 10 minutos, mas sabemos da importância da exposição. Então, pode dar continuidade à exposição."
157,C,157:e0002,31,Antoine Daher,Celso Russomanno,intercalacao,A-X-A,False,False,False,True,100685,Pode contar comigo. Eu vou depois conversar com a Comissão e vamos trocar telefones. Estou à disposição para trabalharmos em conjunto.
157,C,157:e0003,35,Salmo Raskin,Celso Russomanno,intercalacao,A-X-A,False,False,False,True,103693,"É possível, sim."
157,C,157:e0004,49,Valtenir Pereira,Celso Russomanno,gestao_tempo,A-X-A,False,True,False,True,115981,"Por sinal, eu conheço um garoto, com 6 ou 7 anos de idade, que tem o maior tempo de vida atualmente. Não é isso?"
158,C,158:e0001,2,Mary Helena Allegretti,Airton Faleiro,intercalacao,A-X-A,True,False,False,True,7765,"Às vezes, flexibilizamos um pouquinho."
158,C,158:e0002,25,Mary Helena Allegretti,Airton Faleiro,pergunta_intercalada,A-X-A,True,False,False,True,70692,O que a senhora chama de menos rígido?
159,C,159:e0001,19,Alexandre Ben,Weliton Prado,gestao_tempo,A-X-A,True,True,False,True,68167,"Alexandre, para otimizar nosso tempo, se você quiser, já pode fazer suas considerações finais, porque nós vamos fazendo aqui a roda e já vamos adiantando. Pode ficar à vontade. Muito obrigado à FEMAMA."
159,C,159:e0002,25,Luciana Holtz de Camargo Barros,Weliton Prado,intercalacao,A-X-A,True,False,False,True,74355,Está tudo o.k.
160,M,160:e0001,2,Pedro Lucas Costa,Glauber Braga,gestao_tempo,A-X-A,True,True,False,True,4502,"Pedro, pode esperar um minutinho?"
160,M,160:e0002,9,Pedro Lucas Costa,Glauber Braga,tecnica,A-X-A,True,True,False,True,10154,"Pedro, poderia baixar um pouco o microfone?"
160,M,160:e0003,24,Tatiana Sampaio Paixão,Glauber Braga,tecnica,A-X-A,True,True,False,True,69043,A apresentação já está sendo exibida na sala da Comissão.
160,M,160:e0004,44,Luciana Viegas,Glauber Braga,tecnica,A-X-A,True,True,False,True,99027,"Luciana, não estamos conseguindo escutá-la agora. Não foi possível ouvir o final da sua fala. Não sei se você consegue abrir o microfone novamente. Parece que houve falha no sinal da Internet."
160,M,160:e0005,55,Eduardo Barison,Glauber Braga,pergunta_intercalada,A-X-A,True,False,False,True,108879,"Obrigado, Prefeito. É um prazer conhecê-lo. Mococa tem quantos habitantes?"
161,C,161:e0001,3,Ricardo Catanant,Neto Carletto,gestao_tempo,A-X-A,True,True,False,True,7339,"Nós podemos estender para mais 5 minutos, caso seja necessário. Basta o senhor fazer a solicitação."
161,C,161:e0002,8,Elton Fernandes,Juninho do Pneu,gestao_tempo,A-X-A,True,True,False,True,30598,"Professor, respeitando o tempo regimental, eu lhe concedo mais 2 minutos."
161,C,161:e0003,12,Neto Carletto,Juninho do Pneu,intercalacao,A-X-A,False,False,False,True,35797,Eu queria fazer um aparte.
161,C,161:e0004,15,Juninho do Pneu,Neto Carletto,intercalacao,A-X-A,True,False,False,True,36576,"Só quero retificar que seria interessante sabermos, em vez da quantidade, o percentual, pois teria uma relevância maior até para entendermos o cenário de uma forma geral."
161,C,161:e0005,32,Alberto Fajerman,Neto Carletto,gestao_tempo,A-X-A,True,True,False,True,88521,Peço que conclua.
161,C,161:e0006,48,Jurema Monteiro,Neto Carletto,interrupcao_explicita,A-X-A,True,True,True,True,122208,"Desculpe-me por interromper, mas quero só esclarecer que os dados são da Associação Internacional de Transportes Aéreos — IATA."
161,C,161:e0007,52,Jurema Monteiro,Neto Carletto,procedimento,A-X-A,True,False,False,True,123870,Está concedido.
163,M,163:e0001,4,Neon Cunha,Reginete Bispo,tecnica,A-X-A,True,True,False,True,13734,"Neon, penso que seu som esteja um pouco baixo."
164,C,164:e0001,6,Jamaci Avelino do Nascimento Junior,Max Lemos,pergunta_intercalada,A-X-A,True,False,False,True,13089,"Nós vamos fazer a seguinte dinâmica: após a exposição, vamos imediatamente tirando as dúvidas que as pessoas apresentarem. Eu queria pedir um esclarecimento, Jamaci. Nós entendemos que existem mais de mil Municípios hoje sem acesso a saneamento. É isso mesmo?"
164,C,164:e0002,22,Jamaci Avelino do Nascimento Junior,Max Lemos,intercalacao,A-X-A,True,False,False,True,19585,"Então, o Ministério já tem hoje uma política de auxílio às cidades que não conseguem ter um quadro técnico, não conseguem contratar empresas de projetos..."
164,C,164:e0003,42,Marcelo Trindade Miterhof,Max Lemos,pergunta_intercalada,A-X-A,True,False,False,True,44702,"Alguém quer fazer alguma pergunta ao Marcelo, do BNDES?(Pausa.) Marcelo, deixe-me fazer uma pergunta, a qual você poderá responder como representante da instituição ou como técnico: você acha que a concessão de Alagoas foi exitosa? Ela é positiva ou não?"
164,C,164:e0004,44,Marcelo Trindade Miterhof,Max Lemos,intercalacao,A-X-A,True,False,False,True,45619,"Então, a única crítica é no sentido de se buscar universalização com mais investimento. Essa é a maior crítica. Mas você acha que o modelo..."
164,C,164:e0005,46,Marcelo Trindade Miterhof,Max Lemos,pergunta_intercalada,A-X-A,True,False,False,True,46244,No Amapá também?
164,C,164:e0006,52,Marcelo Trindade Miterhof,Max Lemos,intercalacao,A-X-A,True,False,False,True,50616,"Nós vamos fazer uma troca, porque a ANA tem um compromisso. Antes de ouvirmos o Filipe, eu queria sua opinião, Marcelo, sobre a SABESP. Se preferir, pode declinar."
164,C,164:e0007,54,Marcelo Trindade Miterhof,Max Lemos,intercalacao,A-X-A,True,False,False,True,51326,São 12 anos! Vamos ver se eles cumprem.
164,C,164:e0008,58,Marcelo Trindade Miterhof,Max Lemos,intercalacao,A-X-A,True,False,False,True,52246,Sua opinião é ser favorável.
164,C,164:e0009,60,Marcelo Trindade Miterhof,Max Lemos,intercalacao,A-X-A,True,False,False,True,52861,"Na sua opinião, você é a favorável."
164,C,164:e0010,88,Percy Soares Neto,Max Lemos,pergunta_intercalada,A-X-A,True,False,False,True,120216,Esse material está disponível nas páginas da ABCON SINDCON?
165,M,165:e0001,4,Danilo Forte,Gilda Cabral,intercalacao,A-X-A,False,False,False,True,24151,Eu tenho 75 anos.
165,M,165:e0002,11,Danilo Forte,Gilda Cabral,pergunta_intercalada,A-X-A,False,False,False,True,30626,Vai entrar no percentual da educação?
165,M,165:e0003,16,Gilda Cabral,Danilo Forte,intercalacao,A-X-A,False,False,False,True,35128,"Quanto mais impositivo, melhor."
165,M,165:e0004,23,Lia Zanotta Machado,Lêda Borges,intercalacao,A-X-A,True,False,False,True,58655,Mas esse não é o papel deles.
165,M,165:e0005,46,Renatho Melo,Lêda Borges,intercalacao,A-X-A,True,False,False,True,123032,Eu perguntei ao senhor...
165,M,165:e0006,49,Rita Leal Fonseca dos Santos,Laura Carneiro,pergunta_intercalada,A-X-A,False,False,False,True,125065,"Na verdade, uma unidade orçamentária. Seria isso?"
166,C,166:e0001,30,Diego Oliveira Farias,Caio Vianna,pergunta_intercalada,A-X-A,True,False,False,True,104585,"Com relação aoCompliance by Design, você pode nos explicar um pouco qual foi o intuito da sua criação e como ele está sendo utilizado já hoje em dia?"
166,C,166:e0002,38,Aristides Andrade Cavalcante Neto,Caio Vianna,pergunta_intercalada,A-X-A,True,False,False,True,111996,"Falando num português claro, através dessa nova tecnologia, haveria a capacidade de se fazer a transferência de um veículo, por meio do Drex, da rede, e ficaria garantido que a titularidade e a propriedade seriam transferidas para outra pessoa?"
166,C,166:e0003,40,Aristides Andrade Cavalcante Neto,Caio Vianna,intercalacao,A-X-A,True,False,False,True,113382,Existem problemas até hoje numa transferência de propriedade de carro.
166,C,166:e0004,42,Aristides Andrade Cavalcante Neto,Caio Vianna,pergunta_intercalada,A-X-A,True,False,False,True,113990,"Então, poderíamos afirmar que simplifica, garante segurança e reduz custos?"
166,C,166:e0005,46,Aristides Andrade Cavalcante Neto,Caio Vianna,intercalacao,A-X-A,True,False,False,True,114638,Claro!
166,C,166:e0006,63,Felipe Leão,Caio Vianna,pergunta_intercalada,A-X-A,True,False,False,True,128809,"Nesse caso, Felipe, não só na rede do Governo, mas em qualquer rede?"
166,C,166:e0007,71,Eliana Cardoso Emediato de Azambuja,Caio Vianna,intercalacao,A-X-A,True,False,False,True,146486,"Eliana, eu gostaria de elencar um ponto que eu julgo importante. Eu não acho que o Governo brasileiro está atrasado em inovação, não."
166,C,166:e0008,77,Jeferson Dias Barbosa,Caio Vianna,intercalacao,A-X-A,True,False,False,True,150549,"Perfeito, Jeferson. Perdoe-me por achar que estávamos discordando."
168,C,168:e0001,20,Vinícius Soares,Alice Portugal,intercalacao,A-X-A,True,False,False,True,85437,Falta votar a urgência.
170,M,170:e0001,44,Damiana Neto,não identificado,fala_anonima,cabecalho_nao_identificado,False,False,False,True,101052,"Nós queríamos agradecer a nossa participação aqui, agradecer a vocês por terem nos aceitado aqui. Obrigado.(Palmas.)"
170,M,170:e0002,44,Damiana Neto,não identificado,fala_anonima,cabecalho_nao_identificado,False,False,False,True,101052,"Bem, gente, eu agradeço a vocês e à AME por nos darem a oportunidade de estar aqui e pela acolhida. Eu garanto que isso vai ficar sempre guardado na memória deles. Queremos mais espaços assim. Obrigada."
171,C,171:e0001,23,Laura Carneiro,Pedro Westphalen,intercalacao,A-X-A,True,False,False,True,10148,"Deputada Laura, ontem, as regras foram mandadas para todos os membros das duas Comissões e pré-acordadas, formuladas para todos."
171,C,171:e0002,36,Osmar Terra,Filipe Martins,gestao_tempo,A-X-A,True,True,False,True,40990,"Deputado, peço que conclua."
171,C,171:e0003,38,Osmar Terra,Filipe Martins,intercalacao,A-X-A,True,False,False,True,42034,"Deputado, por favor."
171,C,171:e0004,48,Dr. Luiz Ovando,Silvia Cristina,intercalacao,A-X-A,True,False,False,True,47128,"Peço que finalize, Deputado."
171,C,171:e0005,63,Dr. Frederico,Filipe Martins,gestao_tempo,A-X-A,True,True,False,True,70603,Pois não. V.Exa. dispõe de mais 3 minutos porque está inscrito para falar também pela Liderança.
171,C,171:e0006,71,Helio Lopes,Sâmia Bomfim,pergunta_intercalada,A-X-A,False,False,False,True,77021,O Deputado é mãe?
171,C,171:e0007,95,Afonso Hamm,Filipe Martins,procedimento,A-X-A,True,False,False,True,84404,Pois não.
171,C,171:e0008,99,Ana Pimentel,Priscila Costa,intercalacao,A-X-A,False,False,False,True,89682,Há Ministro do Governo que defendeu a cloroquina: Flávio Dino.
171,C,171:e0009,117,Priscila Costa,Filipe Martins,gestao_tempo,A-X-A,True,True,False,True,113786,"Só um pouquinho, Deputada, 1 minuto."
171,C,171:e0010,127,Pastor Henrique Vieira,plateia/desconhecido,manifestacao_plateia,A-X-A,True,True,True,True,119003,"Por gentileza, eu peço silêncio a toda a assessoria. Peço a V.Exa. que entenda também o constrangimento de todos os Deputados que o antecederam por causa das conversas paralelas. Asseguro a palavra a V.Exa."
171,C,171:e0011,217,Domingos Sávio,Lula da Fonte,intercalacao,A-X-A,False,False,False,True,154854,"Eu estou inscrito para falar agora, e estão..."
171,C,171:e0012,253,Ismael Alexandrino,Filipe Martins,intercalacao,A-X-A,True,False,False,True,174838,"Por gentileza, nobre Deputada. O Deputado está com a palavra. Ele está perdendo a concentração por causa da conversa paralela de V.Exa."
171,C,171:e0013,255,Ismael Alexandrino,Filipe Martins,gestao_tempo,A-X-A,True,True,False,True,176401,"Só um minuto, Deputado Ismael. Eu vou parar o tempo de V.Exa. com 7 minutos e 10 segundos, só para comunicar, mais uma vez, que está havendo votação nominal, que terá efeito administrativo, segundo o nosso Presidente Arthur Lira."
171,C,171:e0014,265,Ministra Nísia Trindade,Abilio Brunini,pergunta_intercalada,A-X-A,False,False,False,True,197478,"Ministra, faltou só uma resposta. O Ministério da Saúde negou vacina para alguém?"
171,C,171:e0015,275,Jorge Solla,Osmar Terra,procedimento,A-X-A,True,False,False,True,202967,"Muito obrigado, Deputado Jorge Solla."
172,M,172:e0001,39,Marivaldo de Castro Pereira,Luiz Couto,procedimento,A-X-A,True,False,False,True,103499,"Muito obrigado, Sr. Marivaldo de Castro Pereira, pela contribuição. Quero dizer que o Governo é que tem dinheiro, nós temos algumas migalhas.(Risos.)"
174,C,174:e0001,3,Ulysses Tavares Teixeira,Evair Vieira de Melo,pergunta_intercalada,A-X-A,True,False,False,True,35740,E o resultado desses é publicado?
174,C,174:e0002,9,Francisco de Assis Rocha Neves,Evair Vieira de Melo,intercalacao,A-X-A,True,False,False,True,53545,Os que já estão na estrada.
174,C,174:e0003,14,Elizabeth Regina Nunes Guedes,Evair Vieira de Melo,intercalacao,A-X-A,True,False,False,True,65656,A senhora estava citando itens. Referiu-se à validação simplificada e ia citar outro item que tem que ser considerado.
174,C,174:e0004,18,Jeancarlo Cavalcante,Coronel Chrisóstomo,pergunta_intercalada,A-X-A,True,False,False,True,73623,"Vice-Presidente, o senhor está nos ouvindo?"
174,C,174:e0005,24,Francisco de Assis Rocha Neves,Coronel Chrisóstomo,intercalacao,A-X-A,True,False,False,True,76807,"Obrigado, Dr. Francisco."
174,C,174:e0006,34,Francisco de Assis Rocha Neves,Coronel Chrisóstomo,intercalacao,A-X-A,False,False,False,True,95647,"Uma observação. Quando eu falei em terceira categoria, eu não falei por mim. Eles são considerados dessa forma. Eu não penso assim."
175,C,175:e0001,11,Udo Seckelmann,José Francisco Manssur,intercalacao,A-X-A,False,False,False,True,24362,"Na minha idade, não há mais carnaval.(Risos.)"
175,C,175:e0002,18,José Francisco Manssur,Mauricio do Vôlei,pergunta_intercalada,A-X-A,True,False,False,True,44287,"Obrigado, Dr. Manssur. Mais uma pergunta: o Governo tem ideia de quanto se movimenta em dinheiro anualmente com as apostas esportivas? Se sim, tem ideia de qual será o montante arrecadado com essa regulamentação?"
176,M,176:e0001,14,William de Jesus Silva,Professora Luciene Cavalcante,gestao_tempo,A-X-A,True,True,False,True,64300,"William, desculpe-me por interrompê-lo, mas você tem mais 3 minutos para concluir a sua explanação. Você consegue fazer uma síntese?"
177,C,177:e0001,16,Tiago Albrecht,Gilson Marques,intercalacao,A-X-A,True,False,False,True,48542,Foi Milton Friedman.
177,C,177:e0002,31,Jonathas Amorim,Gilson Marques,gestao_tempo,A-X-A,True,True,False,True,70089,Queres falar mais 1 minuto?
177,C,177:e0003,52,Vinicius Borges,Celso Russomanno,intercalacao,A-X-A,True,False,False,True,101392,É claro.
177,C,177:e0004,54,Vinicius Borges,Celso Russomanno,intercalacao,A-X-A,True,False,False,True,103161,É o primeiro tópico.
177,C,177:e0005,68,Evandro Henrique,Celso Russomanno,intercalacao,A-X-A,True,False,False,True,111518,Eu tenho a comprovação.
177,C,177:e0006,78,Rodrigo Saraiva Marinho,Celso Russomanno,gestao_tempo,A-X-A,True,True,False,True,120602,"Peço ao senhor que encerre, Dr. Rodrigo."
177,C,177:e0007,96,Lucas Dias,Eliseu Paulino,intercalacao,A-X-A,False,False,False,True,133056,Eliseu.
177,C,177:e0008,37,Gilson Marques,não identificado,fala_anonima,cabecalho_nao_identificado,False,True,True,True,87997,Mais de 50% dos entregadores têm outra fonte de renda.
177,C,177:e0009,38,Gilson Marques,não identificado,fala_anonima,cabecalho_nao_identificado,False,True,True,True,88617,Elas já têm isso.
179,C,179:e0001,16,Paula Farani,Any Ortiz,gestao_tempo,A-X-A,True,True,False,True,56922,"Maravilha. Muito obrigada. Paula, sobraram uns minutinhos. Não quer falar sobre a ANATEL?"
180,M,180:e0001,2,Ricardo Vita Porto,Antonio Carlos Rodrigues,gestao_tempo,A-X-A,True,True,False,True,10441,"Para concluir, o senhor tem mais 5 minutos."
180,M,180:e0002,12,David Raimundo dos Santos,Diego Coronel,gestao_tempo,A-X-A,True,True,False,True,40290,"Vai precisar de mais 5 minutos, Frei?"
180,M,180:e0003,16,David Raimundo dos Santos,Diego Coronel,intercalacao,A-X-A,True,False,False,True,42889,"Frei, eu gostaria que você se detivesse à matéria da PEC 9."
181,C,181:e0001,6,Margareth Dalcolmo,Dr. Zacharias Calil,procedimento,A-X-A,True,False,False,True,32009,"Muito obrigado. Eu acho que temos que tomar providência em relação ao cigarro eletrônico. Temos andado pelas ruas e visto que a incidência está altíssima. Outro dia, eu parei no trânsito e tinha..."
181,C,181:e0002,23,Diogo Alves,Dr. Zacharias Calil,intercalacao,A-X-A,True,False,False,True,70845,"Estou vendo aqui que o projeto é do Senador José Serra, de São Paulo. Estão, está no Senado. Às vezes, conseguimos puxá-lo para a Câmara."
182,C,182:e0001,2,Andrey Freitas,Márcio Marinho,intercalacao,A-X-A,True,False,False,True,6798,Pode ficar à vontade. Faça o que for o melhor para você.
182,C,182:e0002,17,Eduardo Chow de Martino Tostes,Márcio Marinho,tecnica,A-X-A,True,True,False,True,33728,Só 1 minuto. O senhor tem uma apresentação?
182,C,182:e0003,23,Eduardo Chow de Martino Tostes,Márcio Marinho,pergunta_intercalada,A-X-A,True,False,False,True,38007,"Doutor, esse é o coletivo ou o individual?"
182,C,182:e0004,31,Ana Carolina Navarrete,Márcio Marinho,tecnica,A-X-A,True,True,False,True,65888,"Sra. Ana, a tela está congelada na primeira página."
182,C,182:e0005,35,Ana Carolina Navarrete,Márcio Marinho,gestao_tempo,A-X-A,True,True,False,True,76411,"Peço que conclua, Ana."
182,C,182:e0006,43,Daniele Rodrigues Campos,Márcio Marinho,tecnica,A-X-A,True,True,False,True,87749,"Sra. Daniele, nós não estamos acompanhando o seu eslaide."
182,C,182:e0007,49,Daniele Rodrigues Campos,Márcio Marinho,gestao_tempo,A-X-A,True,True,False,True,97590,"Peço que conclua, Sra. Daniele."
183,C,183:e0001,17,João Paulo Capobianco,Joaquim Passarinho,tecnica,A-X-A,True,True,False,True,51077,"Desculpe interromper de novo, mas o seu microfone está com muito barulho. Use o microfone sem fio."
183,C,183:e0002,37,Sidney Leite,Joaquim Passarinho,gestao_tempo,A-X-A,True,True,False,True,65436,"Espero um pouquinho, só porque V.Exa. foi interrompido, mas vamos manter o tempo."
183,C,183:e0003,48,Rodrigo Antonio de Agostinho Mendonça,Max Lemos,pergunta_intercalada,A-X-A,False,False,False,True,85138,São licenças ou anuências?
183,C,183:e0004,59,Julio Lopes,Gabriel Nunes,gestao_tempo,A-X-A,True,True,False,True,106635,"Peço que conclua, Deputado."
183,C,183:e0005,63,Padre João,Gabriel Nunes,gestao_tempo,A-X-A,True,True,False,True,110480,"Peço que conclua, Deputado."
183,C,183:e0006,77,Benes Leocádio,Gabriel Nunes,gestao_tempo,A-X-A,True,True,False,True,143605,"Conclua, Deputado."
183,C,183:e0007,104,Ministra Marina Silva,Evair Vieira de Melo,pergunta_intercalada,A-X-A,False,False,False,True,182788,"Ministra, posso ponderar? V.Exa. não falou sobre o PAC. Esse talvez seja o maior programa do Governo."
185,C,185:e0001,20,Suhellen Oliveira da Silva,Iza Arruda,gestao_tempo,A-X-A,True,True,False,True,68735,"Suhellen, nós concederemos mais tempo para que você possa fazer a sua explanação."
187,M,187:e0001,30,Marlete Queiroz Reys,Prof. Paulo Fernando,pergunta_intercalada,A-X-A,True,False,False,True,92188,Onde fica isso?
187,M,187:e0002,26,Prof. Paulo Fernando,plateia,manifestacao_plateia,marca_editorial_plateia,False,True,True,True,89229,"visão de que os policiais podem votar de maneira itinerante no dia das eleições, e essa mesma alternativa não é dada à comunidade cigana em relação às votações.(Manifestação na plateia.) Então, urge também a necessidade de marcarmos, na Corregedoria do TSE, uma audiência no sentido de viabilizar esse voto itinerante. Além disso, há a questão"
189,C,189:e0001,2,Luizio Felipe Rocha,Any Ortiz,gestao_tempo,A-X-A,True,True,False,True,16075,"Muito obrigada, Luizio Rocha. Eu só gostaria de fazer uma pergunta: considerando o tempo do DMA — Digital Markets Act, a empresa já consegue ver ou perceber algum impacto positivo ou negativo dessa legislação, na Europa, em relação ao Spotify?"
189,C,189:e0002,8,Adriana Laporta Cardinali Straube,Any Ortiz,pergunta_intercalada,A-X-A,True,False,False,True,28985,Não há como fazer um escalonamento de posição?
190,C,190:e0001,2,Marina Domenech,Erika Kokay,gestao_tempo,A-X-A,True,True,False,True,15613,"Marina, procure concluir, por favor."
192,C,192:e0001,10,Igor Rodrigues Britto,plateia/desconhecido,manifestacao_plateia,A-X-A,True,True,True,True,41464,"Só um minutinho, Dr. Igor. Eu peço à plateia, por favor, que faça silêncio, para ouvirmos o expositor."
193,C,193:e0001,14,Vinicius do Nascimento Carrasco,Jorge Goetten,intercalacao,A-X-A,True,False,False,True,41405,Apenas registro a presença do Deputado Zé Neto. Obrigado por sua presença.
194,C,194:e0001,27,Abilio Brunini,Jonas Donizette,pergunta_intercalada,A-X-A,True,False,False,True,71228,"Dela V.Exa. não pode se esquecer, hein?"
195,C,195:e0001,4,Assimakis Komninos,Any Ortiz,pergunta_intercalada,A-X-A,True,False,False,True,18529,Está bem. Obrigada. A próxima pergunta era sobre isso. Eu queria saber se as empresas estão restringindo o lançamento de seus produtos após a promulgação da Lei de Mercados Digitais. Há o exemplo desse produto da Meta. Existe algum outro?
195,C,195:e0002,20,Krisztian Katona,Any Ortiz,gestao_tempo,A-X-A,True,True,False,True,54631,"Obrigada. Nesses países, usando o próprio exemplo da Europa, tem como fazer uma avaliação se já houve o aumento desses custos aos consumidores? Com o tempo que se tem, já é possível fazer essa afirmação?"
197,C,197:e0001,13,Odir Antônio Dellagostin,plateia/desconhecido,manifestacao_plateia,A-X-A,True,True,True,True,55617,"Pessoal, por gentileza, silêncio. Muito obrigada."
198,M,198:e0001,28,Lutiana Valadares Fernandes Barbosa,Luizianne Lins,tecnica,A-X-A,True,True,False,True,60449,"Lutiana, está sem som.(Pausa.)"
199,C,199:e0001,12,Ministra Nísia Trindade Lima,Bia Kicis,intercalacao,A-X-A,True,False,False,True,28244,Obrigada.
199,C,199:e0002,54,Ministra Nísia Trindade Lima,Bia Kicis,intercalacao,A-X-A,True,False,False,True,35320,Obrigada.
199,C,199:e0003,60,Evair Vieira de Melo,Bia Kicis,gestao_tempo,A-X-A,True,True,False,True,39267,"Deputado Evair, faço uma pergunta antes de passar a palavra para a Ministra. V.Exa. também está inscrito como Líder. Pergunto se vai fazer uso do tempo da Liderança agora ou em outro momento da nossa reunião."
199,C,199:e0004,165,Dandara,Nikolas Ferreira,intercalacao,A-X-A,False,False,False,True,88838,A Ministra da Saúde não conseguiu responder objetivamente se homem pode ou não pode menstruar! É isto! Não pode!
199,C,199:e0005,192,Alberto Mourão,Bia Kicis,gestao_tempo,A-X-A,True,True,False,True,112906,"Ministra, o Deputado usou o tempo de Liderança. Então, V.Exa. tem 2 minutos para a resposta do tempo de inscrição e mais 2 minutos pelo tempo de Liderança. V.Exa. têm 4 minutos para responder."
199,C,199:e0006,215,Jorge Solla,Bia Kicis,intercalacao,A-X-A,True,False,False,True,129822,"Deputado, pode continuar a falar."
199,C,199:e0007,223,Jorge Solla,Bia Kicis,gestao_tempo,A-X-A,True,True,False,True,136661,"V.Exa. tem 4 minutos, 2 minutos somados com os 2 minutos da Liderança."
199,C,199:e0008,231,Ministra Nísia Trindade Lima,Bia Kicis,intercalacao,A-X-A,True,False,False,True,140564,"Obrigada, Ministra."
199,C,199:e0009,266,Aureo Ribeiro,Bia Kicis,intercalacao,A-X-A,True,False,False,True,174943,"Obrigada, Deputado."
199,C,199:e0010,287,Padre João,Bia Kicis,intercalacao,A-X-A,True,False,False,True,190879,"Obrigada, Deputado."
199,C,199:e0011,371,Ministra Nísia Trindade Lima,Dorinaldo Malafaia,intercalacao,A-X-A,False,False,False,True,234168,Sim.
199,C,199:e0012,378,Ministra Nísia Trindade Lima,André Fernandes,gestao_tempo,A-X-A,True,True,False,True,238176,"Ministra, o Deputado Pedro tem direito a 1 minuto. Depois, V.Exa. terá a palavra para suas considerações finais."
199,C,199:e0013,338,Ana Pimentel,não identificado,fala_anonima,cabecalho_nao_identificado,False,False,False,True,218134,"Presidente, acabou o tempo."
200,C,200:e0001,26,Genilza Valente,Erika Kokay,pergunta_intercalada,A-X-A,True,False,False,True,75558,"Você fez uma pergunta ao Dr. Arthur, não é?"
201,C,201:e0001,2,Marcel van Hattem,Sanderson,intercalacao,A-X-A,True,False,False,True,10613,"Obrigado, mais uma vez. Parabéns, Deputado Marcel van Hattem. V.Exa. tem sido orgulho para o Parlamento Brasileiro. Deputado Eduardo Girão, aliás, Senador. Estou querendo lhe trazer para a Câmara de Deputados pela segunda vez."
201,C,201:e0002,6,Eduardo Girão,Sanderson,intercalacao,A-X-A,True,False,False,True,20669,Agora!
201,C,201:e0003,112,Adriana Ventura,Sanderson,intercalacao,A-X-A,True,False,False,True,136326,"Nós lhe agradecemos, Deputada Adriana Ventura, por sua coragem. Eu não consigo enxergar um agente político que tenha sido eleito por milhares de pessoas, como nós aqui, que não tenha coragem para enfrentar situações."
201,C,201:e0004,127,Rodrigo Saraiva Marinho,Marcel van Hattem,intercalacao,A-X-A,True,False,False,True,149949,"Não, fui eu.(Risos.) Fui eu. Essa culpa ele não carrega."
201,C,201:e0005,129,Rodrigo Saraiva Marinho,Marcel van Hattem,pergunta_intercalada,A-X-A,True,False,False,True,153583,"Deixe-me trazer uma informação em primeira mão, Rodrigo. Estava em discussão agora na CPMI a convocação ou não do fotógrafo. É isso, delegado? Conseguimos colocá-lo? O Governo estava batendo contra e conseguimos."
201,C,201:e0006,202,Cláudio Luis Caivano,Marcel van Hattem,intercalacao,A-X-A,False,False,False,True,294031,"Peço a palavra só para colaborar com a sua fala, doutor."
201,C,201:e0007,206,Cláudio Luis Caivano,Cabo Gilberto Silva,pergunta_intercalada,A-X-A,False,False,False,True,296731,"Doutor, só para lembrar à população e à opinião pública brasileira que a Justiça brasileira, em várias instâncias, passou 4 anos para saber que o CEP correto não era o de Curitiba? Ajude-me, doutor!"
201,C,201:e0008,242,Carlos Alberto Araujo de Souza,Sanderson,intercalacao,A-X-A,True,False,False,True,348284,Imagine um magistrado...
201,C,201:e0009,256,Juliana Ciscouto,Sanderson,pergunta_intercalada,A-X-A,True,False,False,True,357327,Como é o nome dele?
201,C,201:e0010,266,Giovane Veras,Sanderson,pergunta_intercalada,A-X-A,True,False,False,True,370610,Por qual crime ele está sendo acusado? Qual é a acusação?
201,C,201:e0011,275,Giovane Veras,Sanderson,intercalacao,A-X-A,True,False,False,True,371736,"Outra pergunta que eu faço ao senhor, doutor..."
201,C,201:e0012,285,Giovane Veras,Sanderson,intercalacao,A-X-A,True,False,False,True,375518,A nós.
201,C,201:e0013,293,Giovane Veras,Sanderson,intercalacao,A-X-A,True,False,False,True,376629,Parabéns! Conte conosco!
201,C,201:e0014,318,Luiz Felipe Cunha,Sanderson,intercalacao,A-X-A,True,False,False,True,388777,Prossiga.
201,C,201:e0015,324,Adalex Góis,Sanderson,tecnica,A-X-A,True,True,False,True,400010,"Eu acho que os senhores não entenderam e estão atrapalhando a nossa audiência. Eu já falei que, para que possamos exibir um vídeo nesta Comissão, o material deve ter sido visto previamente. Portanto, prossiga, por favor, Adalex."
201,C,201:e0016,182,Sanderson,Delegado Ramagem,gestao_tempo,verbo_interromper,False,True,False,True,226350,"Eu vou interromper. O delegado é a autoridade policial que faz a primeira análise do crime. Houve a notícia de que a capitulação penal já veio pronta, um modelo para todos. Então, isso já é a primeira nulidade que pode acontecer de inviabilização. Sobre o meu caso, fico muito feliz pelos comentários do Deputado Sanderson. E digo aos senhores: se é injustiça, fecha-se uma porta, e Deus abre outra. E hoje eu estou aqui para ajudar todos vocês. Para encerrar o assunto da CPMI, eu gostaria de dizer o que nós estamos tentando lá. O Deputado Nikolas Ferreira sabe, o Senador Magno Malta também. M"
201,C,201:e0017,21,Marcel van Hattem,não identificado,fala_anonima,cabecalho_nao_identificado,False,True,True,True,37912,"Perfeito, Presidente."
201,C,201:e0018,342,Marcel van Hattem,não identificado,fala_anonima,cabecalho_nao_identificado,False,False,False,True,440355,"Deputados, posso sugerir uma foto com todo mundo junto?(Palmas.)"
202,C,202:e0001,17,Daniel Facchini,Alice Portugal,intercalacao,A-X-A,True,False,False,True,48211,"Eu é que agradeço. Vamos acessar oslinks, mas, se o senhor pudesse enviar oficialmente a documentação para a Comissão, acho que seria melhor."
203,M,203:e0001,7,Letícia Godinho,Ana Pimentel,gestao_tempo,A-X-A,True,True,False,True,24903,"Letícia, você completou os 7 minutos, mas pode concluir tranquilamente."
203,M,203:e0002,15,Wilma dos Reis,Ana Pimentel,gestao_tempo,A-X-A,True,True,False,True,45672,"Wilma, só para você saber, já se passaram 8 minutos."
205,C,205:e0001,17,Eldison Martins do Prado,Coronel Ulysses,gestao_tempo,A-X-A,True,True,False,True,24720,O senhor tem 30 segundos para concluir.
205,C,205:e0002,29,Everson Antônio Rozeni,Coronel Ulysses,tecnica,A-X-A,True,True,False,True,30653,"O senhor tem que compartilhar sua tela, o.k.? Se o senhor fizer o compartilhamento, conseguimos exibi-la aqui."
206,M,206:e0001,4,Dandara,plateia,manifestacao_plateia,marca_editorial_plateia,False,True,True,True,3589,"tares e o movimento estudantil. Por isso quero chamar a Presidenta da União Nacional dos Estudantes, a minha grande e querida companheira Bruna Brelaz.(Palmas.)(Manifestação na plateia.) A ação organizada, em parceria com o movimento negro, foi fundamental. Por isso quero chamar o representante da UNEAFRO, o grande companheiro Douglas Belchior"
206,M,206:e0002,4,Dandara,plateia,manifestacao_plateia,marca_editorial_plateia,False,True,True,True,3589,"rganizada, em parceria com o movimento negro, foi fundamental. Por isso quero chamar o representante da UNEAFRO, o grande companheiro Douglas Belchior.(Palmas.)(Manifestação na plateia.) Faremos Palmares! Que lindo! Muito obrigada. Faremos Palmares. A contribuição do Ministério da Educação a todo momento nas políticas de ações afirmativas tam"
206,M,206:e0003,7,Nilma Lino Gomes,plateia,plateia_solicitada,marca_editorial_plateia,False,False,False,True,5161,"Boa tarde para todas as pessoas, para todas, todos e todes. Boa tarde.(Manifestação na plateia: Boa tarde.) Está muito fraco. Boa tarde!(Manifestação na plateia: Boa tarde!) É isso! É essa a força que muda o Brasil. Eu quero agradecer o convite à Deputada Relator"
206,M,206:e0004,7,Nilma Lino Gomes,plateia,plateia_solicitada,marca_editorial_plateia,False,False,False,True,5229,"Boa tarde para todas as pessoas, para todas, todos e todes. Boa tarde.(Manifestação na plateia: Boa tarde.) Está muito fraco. Boa tarde!(Manifestação na plateia: Boa tarde!) É isso! É essa a força que muda o Brasil. Eu quero agradecer o convite à Deputada Relatora deste importante projeto de lei, a Deputada Dandara. Na pessoa da"
206,M,206:e0005,17,Douglas Belchior,plateia,plateia_solicitada,marca_editorial_plateia,False,False,False,True,43669,que esta experiência aqui vai nortear ou sulear a trajetória de cada um daqui para a frente. Viva a luta por cotas raciais no Brasil! Muito obrigado.(Palmas.)(Manifestação na plateia.)
